step,epoch,hp_metric,lr-Adam,train/CER,train/DER,train/IER,train/SER,train/loss,train/lr,val/CER,val/DER,val/IER,val/SER,val/loss
0,,-1.0,9.99999993922529e-09,,,,,,,,,,,
49,0.0,,,,,,,133.73287963867188,,,,,,
99,0.0,,,,,,,135.39749145507812,,,,,,
149,0.0,,,,,,,166.63668823242188,,,,,,
199,0.0,,,,,,,146.92807006835938,,,,,,
249,0.0,,,,,,,151.0509033203125,,,,,,
299,0.0,,,,,,,176.38755798339844,,,,,,
349,0.0,,,,,,,135.95013427734375,,,,,,
399,0.0,,,,,,,171.5855712890625,,,,,,
449,0.0,,,,,,,159.9310302734375,,,,,,
479,0.0,,,0.0,0.0,0.0,0.0,,9.99999993922529e-09,1116.10546875,1050.9083251953125,0.022153301164507866,65.17501068115234,133.21841430664062
480,,,5.564444563788129e-06,,,,,,,,,,,
499,1.0,,,,,,,165.44700622558594,,,,,,
549,1.0,,,,,,,109.09640502929688,,,,,,
599,1.0,,,,,,,97.55351257324219,,,,,,
649,1.0,,,,,,,96.33277130126953,,,,,,
699,1.0,,,,,,,63.530914306640625,,,,,,
749,1.0,,,,,,,58.67853546142578,,,,,,
799,1.0,,,,,,,50.657981872558594,,,,,,
849,1.0,,,,,,,32.51653289794922,,,,,,
899,1.0,,,,,,,28.4803409576416,,,,,,
949,1.0,,,,,,,21.05846405029297,,,,,,
959,1.0,,,0.0,0.0,0.0,0.0,,5.564444563788129e-06,100.0,0.0,100.0,0.0,17.145456314086914
960,,,1.1118889233330265e-05,,,,,,,,,,,
999,2.0,,,,,,,12.322174072265625,,,,,,
1049,2.0,,,,,,,6.938657760620117,,,,,,
1099,2.0,,,,,,,4.583463668823242,,,,,,
1149,2.0,,,,,,,3.862553596496582,,,,,,
1199,2.0,,,,,,,3.3251774311065674,,,,,,
1249,2.0,,,,,,,3.25161075592041,,,,,,
1299,2.0,,,,,,,3.2828116416931152,,,,,,
1349,2.0,,,,,,,3.477297306060791,,,,,,
1399,2.0,,,,,,,3.948575973510742,,,,,,
1439,2.0,,,0.0,0.0,0.0,0.0,,1.1118889233330265e-05,100.0,0.0,100.0,0.0,3.267350435256958
1440,,,1.667333344812505e-05,,,,,,,,,,,
1449,3.0,,,,,,,3.218817710876465,,,,,,
1499,3.0,,,,,,,3.282451629638672,,,,,,
1549,3.0,,,,,,,3.362210273742676,,,,,,
1599,3.0,,,,,,,3.214463710784912,,,,,,
1649,3.0,,,,,,,3.268104076385498,,,,,,
1699,3.0,,,,,,,3.2057013511657715,,,,,,
1749,3.0,,,,,,,3.226161003112793,,,,,,
1799,3.0,,,,,,,3.213798999786377,,,,,,
1849,3.0,,,,,,,3.3777928352355957,,,,,,
1899,3.0,,,,,,,3.1472458839416504,,,,,,
1919,3.0,,,0.0,0.0,0.0,0.0,,1.667333344812505e-05,100.0,0.0,100.0,0.0,3.186675786972046
1920,,,2.2227777662919834e-05,,,,,,,,,,,
1949,4.0,,,,,,,3.647484064102173,,,,,,
1999,4.0,,,,,,,3.2693798542022705,,,,,,
2049,4.0,,,,,,,3.120936393737793,,,,,,
2099,4.0,,,,,,,3.1710805892944336,,,,,,
2149,4.0,,,,,,,3.163696050643921,,,,,,
2199,4.0,,,,,,,3.211338520050049,,,,,,
2249,4.0,,,,,,,3.128478527069092,,,,,,
2299,4.0,,,,,,,3.0236873626708984,,,,,,
2349,4.0,,,,,,,3.0614843368530273,,,,,,
2399,4.0,,,0.0,0.0,0.0,0.0,2.928783893585205,2.2227777662919834e-05,100.0,0.0,100.0,0.0,3.019873857498169
2400,,,2.778222187771462e-05,,,,,,,,,,,
2449,5.0,,,,,,,3.1079041957855225,,,,,,
2499,5.0,,,,,,,3.1344716548919678,,,,,,
2549,5.0,,,,,,,3.0471749305725098,,,,,,
2599,5.0,,,,,,,3.0182127952575684,,,,,,
2649,5.0,,,,,,,3.0292887687683105,,,,,,
2699,5.0,,,,,,,2.975020408630371,,,,,,
2749,5.0,,,,,,,2.956087350845337,,,,,,
2799,5.0,,,,,,,2.9887609481811523,,,,,,
2849,5.0,,,,,,,3.008714437484741,,,,,,
2879,5.0,,,0.0,0.0,0.0,0.0,,2.778222187771462e-05,97.54098510742188,0.0,97.49667358398438,0.04430660232901573,2.869480848312378
2880,,,3.3336666092509404e-05,,,,,,,,,,,
2899,6.0,,,,,,,3.0690107345581055,,,,,,
2949,6.0,,,,,,,3.106248140335083,,,,,,
2999,6.0,,,,,,,2.690875291824341,,,,,,
3049,6.0,,,,,,,3.052828788757324,,,,,,
3099,6.0,,,,,,,2.881453037261963,,,,,,
3149,6.0,,,,,,,2.886324405670166,,,,,,
3199,6.0,,,,,,,2.726022481918335,,,,,,
3249,6.0,,,,,,,2.7815818786621094,,,,,,
3299,6.0,,,,,,,2.778097629547119,,,,,,
3349,6.0,,,,,,,2.7722809314727783,,,,,,
3359,6.0,,,0.0,0.0,0.0,0.0,,3.3336666092509404e-05,94.59459686279297,0.0,94.41736602783203,0.17722640931606293,2.6639742851257324
3360,,,3.889111030730419e-05,,,,,,,,,,,
3399,7.0,,,,,,,2.4989356994628906,,,,,,
3449,7.0,,,,,,,2.6837856769561768,,,,,,
3499,7.0,,,,,,,2.5099403858184814,,,,,,
3549,7.0,,,,,,,2.4452366828918457,,,,,,
3599,7.0,,,,,,,2.4539105892181396,,,,,,
3649,7.0,,,,,,,2.3450143337249756,,,,,,
3699,7.0,,,,,,,2.4396491050720215,,,,,,
3749,7.0,,,,,,,2.406528949737549,,,,,,
3799,7.0,,,,,,,2.4016642570495605,,,,,,
3839,7.0,,,0.0,0.0,0.0,0.0,,3.889111030730419e-05,69.29552459716797,0.24368630349636078,52.791316986083984,16.260522842407227,2.1755735874176025
3840,,,4.4445554522098973e-05,,,,,,,,,,,
3849,8.0,,,,,,,2.2713003158569336,,,,,,
3899,8.0,,,,,,,2.312289237976074,,,,,,
3949,8.0,,,,,,,2.155167579650879,,,,,,
3999,8.0,,,,,,,2.291085958480835,,,,,,
4049,8.0,,,,,,,2.185990571975708,,,,,,
4099,8.0,,,,,,,2.3080668449401855,,,,,,
4149,8.0,,,,,,,2.0929083824157715,,,,,,
4199,8.0,,,,,,,2.0608372688293457,,,,,,
4249,8.0,,,,,,,2.3117477893829346,,,,,,
4299,8.0,,,,,,,1.8748672008514404,,,,,,
4319,8.0,,,0.0,0.0,0.0,0.0,,4.4445554522098973e-05,52.19317626953125,1.794417381286621,17.877714157104492,32.52104568481445,1.764954924583435
4320,,,4.999999873689376e-05,,,,,,,,,,,
4349,9.0,,,,,,,1.8224730491638184,,,,,,
4399,9.0,,,,,,,1.8079012632369995,,,,,,
4449,9.0,,,,,,,1.8256016969680786,,,,,,
4499,9.0,,,,,,,1.6044197082519531,,,,,,
4549,9.0,,,,,,,1.6993093490600586,,,,,,
4599,9.0,,,,,,,1.6525256633758545,,,,,,
4649,9.0,,,,,,,1.6553528308868408,,,,,,
4699,9.0,,,,,,,1.8323523998260498,,,,,,
4749,9.0,,,,,,,1.6075530052185059,,,,,,
4799,9.0,,,0.0,0.0,0.0,0.0,1.8919047117233276,4.999999873689376e-05,44.528133392333984,2.813469171524048,12.20646858215332,29.508195877075195,1.4722763299942017
4800,,,4.999999873689376e-05,,,,,,,,,,,
4849,10.0,,,,,,,2.068030834197998,,,,,,
4899,10.0,,,,,,,1.4734411239624023,,,,,,
4949,10.0,,,,,,,1.7021410465240479,,,,,,
4999,10.0,,,,,,,1.4443755149841309,,,,,,
5049,10.0,,,,,,,1.4117443561553955,,,,,,
5099,10.0,,,,,,,1.7943226099014282,,,,,,
5149,10.0,,,,,,,1.6293736696243286,,,,,,
5199,10.0,,,,,,,1.4838980436325073,,,,,,
5249,10.0,,,,,,,1.5653095245361328,,,,,,
5279,10.0,,,0.0,0.0,0.0,0.0,,4.999999873689376e-05,40.075321197509766,3.1236155033111572,9.813912391662598,27.137792587280273,1.3149203062057495
5280,,,4.999383236281574e-05,,,,,,,,,,,
5299,11.0,,,,,,,1.7964184284210205,,,,,,
5349,11.0,,,,,,,1.6164530515670776,,,,,,
5399,11.0,,,,,,,1.8286197185516357,,,,,,
5449,11.0,,,,,,,1.5954205989837646,,,,,,
5499,11.0,,,,,,,1.5106236934661865,,,,,,
5549,11.0,,,,,,,1.579359769821167,,,,,,
5599,11.0,,,,,,,1.3843131065368652,,,,,,
5649,11.0,,,,,,,1.5938518047332764,,,,,,
5699,11.0,,,,,,,1.5074987411499023,,,,,,
5749,11.0,,,,,,,1.3845325708389282,,,,,,
5759,11.0,,,0.0,0.0,0.0,0.0,,4.999383236281574e-05,38.679664611816406,1.373504638671875,15.59592342376709,21.710235595703125,1.2168842554092407
5760,,,4.997532960260287e-05,,,,,,,,,,,
5799,12.0,,,,,,,1.4893372058868408,,,,,,
5849,12.0,,,,,,,1.6063152551651,,,,,,
5899,12.0,,,,,,,1.6058756113052368,,,,,,
5949,12.0,,,,,,,1.7153410911560059,,,,,,
5999,12.0,,,,,,,1.5850484371185303,,,,,,
6049,12.0,,,,,,,1.625866174697876,,,,,,
6099,12.0,,,,,,,1.515038013458252,,,,,,
6149,12.0,,,,,,,1.3257663249969482,,,,,,
6199,12.0,,,,,,,1.1616923809051514,,,,,,
6239,12.0,,,0.0,0.0,0.0,0.0,,4.997532960260287e-05,37.904296875,1.1962782144546509,15.640230178833008,21.06778907775879,1.1688859462738037
6240,,,4.994450500817038e-05,,,,,,,,,,,
6249,13.0,,,,,,,1.4737772941589355,,,,,,
6299,13.0,,,,,,,1.4467129707336426,,,,,,
6349,13.0,,,,,,,1.2830272912979126,,,,,,
6399,13.0,,,,,,,1.1092439889907837,,,,,,
6449,13.0,,,,,,,1.3138738870620728,,,,,,
6499,13.0,,,,,,,1.63693368434906,,,,,,
6549,13.0,,,,,,,1.5057456493377686,,,,,,
6599,13.0,,,,,,,1.2851871252059937,,,,,,
6649,13.0,,,,,,,1.3460097312927246,,,,,,
6699,13.0,,,,,,,1.4168668985366821,,,,,,
6719,13.0,,,0.0,0.0,0.0,0.0,,4.994450500817038e-05,32.47673797607422,3.4559149742126465,6.468763828277588,22.552061080932617,1.0542508363723755
6720,,,4.9901369493454695e-05,,,,,,,,,,,
6749,14.0,,,,,,,1.3373222351074219,,,,,,
6799,14.0,,,,,,,1.1802488565444946,,,,,,
6849,14.0,,,,,,,1.0975782871246338,,,,,,
6899,14.0,,,,,,,0.9558511972427368,,,,,,
6949,14.0,,,,,,,1.503302812576294,,,,,,
6999,14.0,,,,,,,1.4649930000305176,,,,,,
7049,14.0,,,,,,,1.394867181777954,,,,,,
7099,14.0,,,,,,,1.0823161602020264,,,,,,
7149,14.0,,,,,,,1.303048014640808,,,,,,
7199,14.0,,,0.0,0.0,0.0,0.0,1.4750738143920898,4.9901369493454695e-05,33.67301559448242,2.4811697006225586,9.105006217956543,22.086841583251953,1.0791763067245483
7200,,,4.984594852430746e-05,,,,,,,,,,,
7249,15.0,,,,,,,1.2471184730529785,,,,,,
7299,15.0,,,,,,,1.378692626953125,,,,,,
7349,15.0,,,,,,,1.1633193492889404,,,,,,
7399,15.0,,,,,,,1.3938677310943604,,,,,,
7449,15.0,,,,,,,1.3415873050689697,,,,,,
7499,15.0,,,,,,,1.0870304107666016,,,,,,
7549,15.0,,,,,,,1.417938232421875,,,,,,
7599,15.0,,,,,,,1.119093894958496,,,,,,
7649,15.0,,,,,,,1.2280542850494385,,,,,,
7679,15.0,,,0.0,0.0,0.0,0.0,,4.984594852430746e-05,31.346920013427734,4.186974048614502,5.4940185546875,21.66592788696289,0.9969174861907959
7680,,,4.9778267566580325e-05,,,,,,,,,,,
7699,16.0,,,,,,,1.4817264080047607,,,,,,
7749,16.0,,,,,,,1.1920747756958008,,,,,,
7799,16.0,,,,,,,1.5198829174041748,,,,,,
7849,16.0,,,,,,,1.0654499530792236,,,,,,
7899,16.0,,,,,,,1.1759382486343384,,,,,,
7949,16.0,,,,,,,1.1593796014785767,,,,,,
7999,16.0,,,,,,,0.9848618507385254,,,,,,
8049,16.0,,,,,,,1.0956364870071411,,,,,,
8099,16.0,,,,,,,1.194974660873413,,,,,,
8149,16.0,,,,,,,1.3985216617584229,,,,,,
8159,16.0,,,0.0,0.0,0.0,0.0,,4.9778267566580325e-05,30.46078872680664,3.743907928466797,5.959238052368164,20.75764274597168,0.9857370853424072
8160,,,4.969836300006136e-05,,,,,,,,,,,
8199,17.0,,,,,,,1.5872386693954468,,,,,,
8249,17.0,,,,,,,1.1242434978485107,,,,,,
8299,17.0,,,,,,,1.058910846710205,,,,,,
8349,17.0,,,,,,,1.0670676231384277,,,,,,
8399,17.0,,,,,,,1.7264273166656494,,,,,,
8449,17.0,,,,,,,1.0295519828796387,,,,,,
8499,17.0,,,,,,,1.155336618423462,,,,,,
8549,17.0,,,,,,,1.2995216846466064,,,,,,
8599,17.0,,,,,,,1.2796204090118408,,,,,,
8639,17.0,,,0.0,0.0,0.0,0.0,,4.969836300006136e-05,29.884803771972656,3.5002214908599854,5.2946391105651855,21.089942932128906,0.929947555065155
8640,,,4.960627484251745e-05,,,,,,,,,,,
8649,18.0,,,,,,,1.168530821800232,,,,,,
8699,18.0,,,,,,,1.3237791061401367,,,,,,
8749,18.0,,,,,,,1.4118962287902832,,,,,,
8799,18.0,,,,,,,1.1604570150375366,,,,,,
8849,18.0,,,,,,,1.0631778240203857,,,,,,
8899,18.0,,,,,,,1.3404948711395264,,,,,,
8949,18.0,,,,,,,1.120913028717041,,,,,,
8999,18.0,,,,,,,1.0748881101608276,,,,,,
9049,18.0,,,,,,,1.2516424655914307,,,,,,
9099,18.0,,,,,,,1.1910135746002197,,,,,,
9119,18.0,,,0.0,0.0,0.0,0.0,,4.960627484251745e-05,29.330970764160156,4.342046737670898,5.16171932220459,19.82720375061035,0.9464725852012634
9120,,,4.950204674969427e-05,,,,,,,,,,,
9149,19.0,,,,,,,1.2195571660995483,,,,,,
9199,19.0,,,,,,,1.348534107208252,,,,,,
9249,19.0,,,,,,,0.9966385364532471,,,,,,
9299,19.0,,,,,,,1.0568091869354248,,,,,,
9349,19.0,,,,,,,1.1832332611083984,,,,,,
9399,19.0,,,,,,,1.0739425420761108,,,,,,
9449,19.0,,,,,,,1.2540004253387451,,,,,,
9499,19.0,,,,,,,1.1137564182281494,,,,,,
9549,19.0,,,,,,,1.0115410089492798,,,,,,
9599,19.0,,,0.0,0.0,0.0,0.0,0.9118144512176514,4.950204674969427e-05,27.4700927734375,2.702702760696411,6.2472310066223145,18.520158767700195,0.8913073539733887
9600,,,4.938573329127394e-05,,,,,,,,,,,
9649,20.0,,,,,,,1.1676547527313232,,,,,,
9699,20.0,,,,,,,1.2834278345108032,,,,,,
9749,20.0,,,,,,,1.1822664737701416,,,,,,
9799,20.0,,,,,,,1.2588720321655273,,,,,,
9849,20.0,,,,,,,1.1420997381210327,,,,,,
9899,20.0,,,,,,,1.2879785299301147,,,,,,
9949,20.0,,,,,,,1.1187431812286377,,,,,,
9999,20.0,,,,,,,1.3746153116226196,,,,,,
10049,20.0,,,,,,,0.922760546207428,,,,,,
10079,20.0,,,0.0,0.0,0.0,0.0,,4.938573329127394e-05,28.223304748535156,4.585733413696289,4.364200115203857,19.273372650146484,0.896416425704956
10080,,,4.9257392674917355e-05,,,,,,,,,,,
10099,21.0,,,,,,,0.9857244491577148,,,,,,
10149,21.0,,,,,,,1.4137251377105713,,,,,,
10199,21.0,,,,,,,1.0351624488830566,,,,,,
10249,21.0,,,,,,,0.9771363735198975,,,,,,
10299,21.0,,,,,,,1.0698959827423096,,,,,,
10349,21.0,,,,,,,1.273524284362793,,,,,,
10399,21.0,,,,,,,1.173887848854065,,,,,,
10449,21.0,,,,,,,1.3326270580291748,,,,,,
10499,21.0,,,,,,,1.151939034461975,,,,,,
10549,21.0,,,,,,,0.8544033169746399,,,,,,
10559,21.0,,,0.0,0.0,0.0,0.0,,4.9257392674917355e-05,27.66947364807129,3.0571556091308594,5.361098766326904,19.251218795776367,0.8738372325897217
10560,,,4.9117090384243056e-05,,,,,,,,,,,
10599,22.0,,,,,,,1.0783934593200684,,,,,,
10649,22.0,,,,,,,1.1868888139724731,,,,,,
10699,22.0,,,,,,,1.2728278636932373,,,,,,
10749,22.0,,,,,,,0.9761538505554199,,,,,,
10799,22.0,,,,,,,0.8906585574150085,,,,,,
10849,22.0,,,,,,,0.9948129653930664,,,,,,
10899,22.0,,,,,,,1.1917496919631958,,,,,,
10949,22.0,,,,,,,0.9214166402816772,,,,,,
10999,22.0,,,,,,,1.0855661630630493,,,,,,
11039,22.0,,,0.0,0.0,0.0,0.0,,4.9117090384243056e-05,25.675676345825195,3.3894550800323486,4.519273281097412,17.76694679260254,0.8239570260047913
11040,,,4.8964895540848374e-05,,,,,,,,,,,
11049,23.0,,,,,,,1.219846248626709,,,,,,
11099,23.0,,,,,,,1.1034719944000244,,,,,,
11149,23.0,,,,,,,1.0713586807250977,,,,,,
11199,23.0,,,,,,,1.367006540298462,,,,,,
11249,23.0,,,,,,,1.1520898342132568,,,,,,
11299,23.0,,,,,,,1.1580791473388672,,,,,,
11349,23.0,,,,,,,0.9718800783157349,,,,,,
11399,23.0,,,,,,,0.924371063709259,,,,,,
11449,23.0,,,,,,,1.0129355192184448,,,,,,
11499,23.0,,,,,,,1.1135704517364502,,,,,,
11519,23.0,,,0.0,0.0,0.0,0.0,,4.8964895540848374e-05,28.37837791442871,3.610988140106201,7.111209392547607,17.65618133544922,0.8965454697608948
11520,,,4.880088454228826e-05,,,,,,,,,,,
11549,24.0,,,,,,,1.266359806060791,,,,,,
11599,24.0,,,,,,,1.078027606010437,,,,,,
11649,24.0,,,,,,,1.3420161008834839,,,,,,
11699,24.0,,,,,,,1.224391222000122,,,,,,
11749,24.0,,,,,,,1.0305207967758179,,,,,,
11799,24.0,,,,,,,0.9999146461486816,,,,,,
11849,24.0,,,,,,,0.8648109436035156,,,,,,
11899,24.0,,,,,,,1.0618348121643066,,,,,,
11949,24.0,,,,,,,1.1787244081497192,,,,,,
11999,24.0,,,0.0,0.0,0.0,0.0,0.861363410949707,4.880088454228826e-05,26.074434280395508,1.9716438055038452,7.02259635925293,17.0801944732666,0.8089423179626465
12000,,,4.862514106207527e-05,,,,,,,,,,,
12049,25.0,,,,,,,0.9788036346435547,,,,,,
12099,25.0,,,,,,,0.7977544069290161,,,,,,
12149,25.0,,,,,,,1.0406886339187622,,,,,,
12199,25.0,,,,,,,0.8943049907684326,,,,,,
12249,25.0,,,,,,,0.886839747428894,,,,,,
12299,25.0,,,,,,,1.055408239364624,,,,,,
12349,25.0,,,,,,,1.0940053462982178,,,,,,
12399,25.0,,,,,,,1.0264180898666382,,,,,,
12449,25.0,,,,,,,1.2643308639526367,,,,,,
12479,25.0,,,0.0,0.0,0.0,0.0,,4.862514106207527e-05,26.18520164489746,3.1014621257781982,5.449711799621582,17.6340274810791,0.825330376625061
12480,,,4.843775604967959e-05,,,,,,,,,,,
12499,26.0,,,,,,,0.775390088558197,,,,,,
12549,26.0,,,,,,,1.161761999130249,,,,,,
12599,26.0,,,,,,,0.86099773645401,,,,,,
12649,26.0,,,,,,,0.971341073513031,,,,,,
12699,26.0,,,,,,,0.9069420099258423,,,,,,
12749,26.0,,,,,,,0.8700183629989624,,,,,,
12799,26.0,,,,,,,0.9110451340675354,,,,,,
12849,26.0,,,,,,,1.244425892829895,,,,,,
12899,26.0,,,,,,,0.904282808303833,,,,,,
12949,26.0,,,,,,,0.8959933519363403,,,,,,
12959,26.0,,,0.0,0.0,0.0,0.0,,4.843775604967959e-05,24.856002807617188,3.145768642425537,4.918032646179199,16.79220199584961,0.8045426607131958
12960,,,4.823881681659259e-05,,,,,,,,,,,
12999,27.0,,,,,,,1.0898903608322144,,,,,,
13049,27.0,,,,,,,0.8575627207756042,,,,,,
13099,27.0,,,,,,,1.1435637474060059,,,,,,
13149,27.0,,,,,,,1.090997338294983,,,,,,
13199,27.0,,,,,,,1.1627912521362305,,,,,,
13249,27.0,,,,,,,0.8066415786743164,,,,,,
13299,27.0,,,,,,,0.9448195099830627,,,,,,
13349,27.0,,,,,,,0.9030588269233704,,,,,,
13399,27.0,,,,,,,1.3988077640533447,,,,,,
13439,27.0,,,0.0,0.0,0.0,0.0,,4.823881681659259e-05,25.099689483642578,3.8989808559417725,4.297740459442139,16.902969360351562,0.7881635427474976
13440,,,4.802842886419967e-05,,,,,,,,,,,
13449,28.0,,,,,,,0.8740530014038086,,,,,,
13499,28.0,,,,,,,1.0071009397506714,,,,,,
13549,28.0,,,,,,,1.221736192703247,,,,,,
13599,28.0,,,,,,,0.9246948957443237,,,,,,
13649,28.0,,,,,,,0.9149447679519653,,,,,,
13699,28.0,,,,,,,1.0513547658920288,,,,,,
13749,28.0,,,,,,,1.1232268810272217,,,,,,
13799,28.0,,,,,,,0.9933717250823975,,,,,,
13849,28.0,,,,,,,0.8628119230270386,,,,,,
13899,28.0,,,,,,,1.0552446842193604,,,,,,
13919,28.0,,,0.0,0.0,0.0,0.0,,4.802842886419967e-05,24.41293716430664,2.9685423374176025,5.715551853179932,15.728843688964844,0.7846080660820007
13920,,,4.780670133186504e-05,,,,,,,,,,,
13949,29.0,,,,,,,0.8172294497489929,,,,,,
13999,29.0,,,,,,,0.9408670663833618,,,,,,
14049,29.0,,,,,,,0.9864614009857178,,,,,,
14099,29.0,,,,,,,1.0003225803375244,,,,,,
14149,29.0,,,,,,,0.9539128541946411,,,,,,
14199,29.0,,,,,,,0.6603615880012512,,,,,,
14249,29.0,,,,,,,0.7777915000915527,,,,,,
14299,29.0,,,,,,,0.8508831262588501,,,,,,
14349,29.0,,,,,,,1.1581928730010986,,,,,,
14399,29.0,,,0.0,0.0,0.0,0.0,0.6141130924224854,4.780670133186504e-05,22.795745849609375,3.234381914138794,4.297740459442139,15.26362419128418,0.7331563234329224
14400,,,4.757373608299531e-05,,,,,,,,,,,
14449,30.0,,,,,,,0.8364744186401367,,,,,,
14499,30.0,,,,,,,0.774276852607727,,,,,,
14549,30.0,,,,,,,0.8911640048027039,,,,,,
14599,30.0,,,,,,,0.9760293364524841,,,,,,
14649,30.0,,,,,,,0.8234008550643921,,,,,,
14699,30.0,,,,,,,0.7990938425064087,,,,,,
14749,30.0,,,,,,,1.1429059505462646,,,,,,
14799,30.0,,,,,,,1.4490137100219727,,,,,,
14849,30.0,,,,,,,0.7563848495483398,,,,,,
14879,30.0,,,0.0,0.0,0.0,0.0,,4.757373608299531e-05,23.1280460357666,2.835622549057007,4.098360538482666,16.194063186645508,0.7339897155761719
14880,,,4.732966044684872e-05,,,,,,,,,,,
14899,31.0,,,,,,,0.874383807182312,,,,,,
14949,31.0,,,,,,,1.238672137260437,,,,,,
14999,31.0,,,,,,,1.0183664560317993,,,,,,
15049,31.0,,,,,,,0.7036148309707642,,,,,,
15099,31.0,,,,,,,0.9371887445449829,,,,,,
15149,31.0,,,,,,,0.7968789935112,,,,,,
15199,31.0,,,,,,,0.8327181339263916,,,,,,
15249,31.0,,,,,,,1.0435435771942139,,,,,,
15299,31.0,,,,,,,0.8933081030845642,,,,,,
15349,31.0,,,,,,,0.5512602925300598,,,,,,
15359,31.0,,,0.0,0.0,0.0,0.0,,4.732966044684872e-05,21.089942932128906,2.4147098064422607,3.8103678226470947,14.86486530303955,0.6879727244377136
15360,,,4.70745908387471e-05,,,,,,,,,,,
15399,32.0,,,,,,,0.9565229415893555,,,,,,
15449,32.0,,,,,,,0.9707866907119751,,,,,,
15499,32.0,,,,,,,0.9083938598632812,,,,,,
15549,32.0,,,,,,,1.2272604703903198,,,,,,
15599,32.0,,,,,,,0.9392603635787964,,,,,,
15649,32.0,,,,,,,0.9668502807617188,,,,,,
15699,32.0,,,,,,,1.0543477535247803,,,,,,
15749,32.0,,,,,,,0.6023356318473816,,,,,,
15799,32.0,,,,,,,0.653865396976471,,,,,,
15839,32.0,,,0.0,0.0,0.0,0.0,,4.70745908387471e-05,22.064687728881836,2.9020824432373047,4.497119903564453,14.665485382080078,0.716090977191925
15840,,,4.68086582259275e-05,,,,,,,,,,,
15849,33.0,,,,,,,0.9417678117752075,,,,,,
15899,33.0,,,,,,,0.9612686634063721,,,,,,
15949,33.0,,,,,,,0.9265109300613403,,,,,,
15999,33.0,,,,,,,0.9274773597717285,,,,,,
16049,33.0,,,,,,,1.0704675912857056,,,,,,
16099,33.0,,,,,,,0.9356288909912109,,,,,,
16149,33.0,,,,,,,0.8038106560707092,,,,,,
16199,33.0,,,,,,,0.650570273399353,,,,,,
16249,33.0,,,,,,,0.9860661625862122,,,,,,
16299,33.0,,,,,,,1.442854642868042,,,,,,
16319,33.0,,,0.0,0.0,0.0,0.0,,4.68086582259275e-05,21.444395065307617,3.167922019958496,3.8325209617614746,14.443952560424805,0.6840239763259888
16320,,,4.653199721360579e-05,,,,,,,,,,,
16349,34.0,,,,,,,1.015979290008545,,,,,,
16399,34.0,,,,,,,0.818472683429718,,,,,,
16449,34.0,,,,,,,1.0588183403015137,,,,,,
16499,34.0,,,,,,,1.496969223022461,,,,,,
16549,34.0,,,,,,,0.816001296043396,,,,,,
16599,34.0,,,,,,,1.0400359630584717,,,,,,
16649,34.0,,,,,,,1.1603761911392212,,,,,,
16699,34.0,,,,,,,1.0066827535629272,,,,,,
16749,34.0,,,,,,,0.6615856885910034,,,,,,
16799,34.0,,,0.0,0.0,0.0,0.0,0.8563441038131714,4.653199721360579e-05,21.4222412109375,2.5476295948028564,4.27558708190918,14.59902572631836,0.6792477369308472
16800,,,4.624474240699783e-05,,,,,,,,,,,
16849,35.0,,,,,,,0.8727540969848633,,,,,,
16899,35.0,,,,,,,0.7926429510116577,,,,,,
16949,35.0,,,,,,,0.6940411329269409,,,,,,
16999,35.0,,,,,,,0.7889333963394165,,,,,,
17049,35.0,,,,,,,0.9251763224601746,,,,,,
17099,35.0,,,,,,,0.8153221607208252,,,,,,
17149,35.0,,,,,,,0.6449852585792542,,,,,,
17199,35.0,,,,,,,0.7896937131881714,,,,,,
17249,35.0,,,,,,,1.130229115486145,,,,,,
17279,35.0,,,0.0,0.0,0.0,0.0,,4.624474240699783e-05,22.684980392456055,3.1014621257781982,4.120513916015625,15.463004112243652,0.7333787083625793
17280,,,4.594704296323471e-05,,,,,,,,,,,
17299,36.0,,,,,,,0.8346958160400391,,,,,,
17349,36.0,,,,,,,0.8662196397781372,,,,,,
17399,36.0,,,,,,,0.9038644433021545,,,,,,
17449,36.0,,,,,,,0.9116380214691162,,,,,,
17499,36.0,,,,,,,0.978615939617157,,,,,,
17549,36.0,,,,,,,1.0275671482086182,,,,,,
17599,36.0,,,,,,,0.5538369417190552,,,,,,
17649,36.0,,,,,,,0.8731489181518555,,,,,,
17699,36.0,,,,,,,0.8052942752838135,,,,,,
17749,36.0,,,,,,,1.068241000175476,,,,,,
17759,36.0,,,0.0,0.0,0.0,0.0,,4.594704296323471e-05,20.602569580078125,2.724855899810791,3.65529465675354,14.222418785095215,0.6785541772842407
17760,,,4.563905167742632e-05,,,,,,,,,,,
17799,37.0,,,,,,,0.8255887031555176,,,,,,
17849,37.0,,,,,,,0.7893080711364746,,,,,,
17899,37.0,,,,,,,0.7454549074172974,,,,,,
17949,37.0,,,,,,,0.7951394319534302,,,,,,
17999,37.0,,,,,,,0.8023329377174377,,,,,,
18049,37.0,,,,,,,0.7335041165351868,,,,,,
18099,37.0,,,,,,,0.8756304383277893,,,,,,
18149,37.0,,,,,,,1.0151352882385254,,,,,,
18199,37.0,,,,,,,0.7076472043991089,,,,,,
18239,37.0,,,0.0,0.0,0.0,0.0,,4.563905167742632e-05,20.558263778686523,3.3451483249664307,3.699601173400879,13.513513565063477,0.6773508787155151
18240,,,4.532091770670377e-05,,,,,,,,,,,
18249,38.0,,,,,,,0.945694088935852,,,,,,
18299,38.0,,,,,,,0.9571336507797241,,,,,,
18349,38.0,,,,,,,0.8045669794082642,,,,,,
18399,38.0,,,,,,,0.7695983052253723,,,,,,
18449,38.0,,,,,,,0.7612074017524719,,,,,,
18499,38.0,,,,,,,0.7269636392593384,,,,,,
18549,38.0,,,,,,,0.9656754732131958,,,,,,
18599,38.0,,,,,,,0.865532636642456,,,,,,
18649,38.0,,,,,,,0.7692105770111084,,,,,,
18699,38.0,,,,,,,0.7938706874847412,,,,,,
18719,38.0,,,0.0,0.0,0.0,0.0,,4.532091770670377e-05,20.580415725708008,2.326096534729004,4.674346446990967,13.579973220825195,0.6633096933364868
18720,,,4.499280112213455e-05,,,,,,,,,,,
18749,39.0,,,,,,,0.800392746925354,,,,,,
18799,39.0,,,,,,,0.7648618221282959,,,,,,
18849,39.0,,,,,,,0.6546419858932495,,,,,,
18899,39.0,,,,,,,0.6755186915397644,,,,,,
18949,39.0,,,,,,,0.7615940570831299,,,,,,
18999,39.0,,,,,,,0.776817798614502,,,,,,
19049,39.0,,,,,,,0.8930429220199585,,,,,,
19099,39.0,,,,,,,1.0044437646865845,,,,,,
19149,39.0,,,,,,,0.7921556234359741,,,,,,
19199,39.0,,,0.0,0.0,0.0,0.0,0.6429144740104675,4.499280112213455e-05,21.00132942199707,2.5033230781555176,4.7851128578186035,13.71289348602295,0.6780415177345276
19200,,,4.465487290872261e-05,,,,,,,,,,,
19249,40.0,,,,,,,1.1371052265167236,,,,,,
19299,40.0,,,,,,,1.0266247987747192,,,,,,
19349,40.0,,,,,,,0.6736966371536255,,,,,,
19399,40.0,,,,,,,0.8016859889030457,,,,,,
19449,40.0,,,,,,,0.8174237012863159,,,,,,
19499,40.0,,,,,,,0.6370547413825989,,,,,,
19549,40.0,,,,,,,0.8374986052513123,,,,,,
19599,40.0,,,,,,,0.7345292568206787,,,,,,
19649,40.0,,,,,,,0.7881619334220886,,,,,,
19679,40.0,,,0.0,0.0,0.0,0.0,,4.465487290872261e-05,19.672130584716797,3.167922019958496,3.167922019958496,13.336287498474121,0.6339386105537415
19680,,,4.430729677551426e-05,,,,,,,,,,,
19699,41.0,,,,,,,0.7466740608215332,,,,,,
19749,41.0,,,,,,,0.9339504837989807,,,,,,
19799,41.0,,,,,,,0.906206488609314,,,,,,
19849,41.0,,,,,,,0.9339035153388977,,,,,,
19899,41.0,,,,,,,0.8495559096336365,,,,,,
19949,41.0,,,,,,,0.8462179899215698,,,,,,
19999,41.0,,,,,,,0.9143908619880676,,,,,,
20049,41.0,,,,,,,0.7205969095230103,,,,,,
20099,41.0,,,,,,,0.686817467212677,,,,,,
20149,41.0,,,,,,,0.8510206341743469,,,,,,
20159,41.0,,,0.0,0.0,0.0,0.0,,4.430729677551426e-05,19.140451431274414,2.5254762172698975,3.610988140106201,13.003987312316895,0.6076548099517822
20160,,,4.395025098347105e-05,,,,,,,,,,,
20199,42.0,,,,,,,0.8266096115112305,,,,,,
20249,42.0,,,,,,,0.932371199131012,,,,,,
20299,42.0,,,,,,,0.6957830190658569,,,,,,
20349,42.0,,,,,,,0.6290968656539917,,,,,,
20399,42.0,,,,,,,0.8890383243560791,,,,,,
20449,42.0,,,,,,,0.8124423623085022,,,,,,
20499,42.0,,,,,,,0.7889703512191772,,,,,,
20549,42.0,,,,,,,0.8387348651885986,,,,,,
20599,42.0,,,,,,,0.8323411345481873,,,,,,
20639,42.0,,,0.0,0.0,0.0,0.0,,4.395025098347105e-05,21.31147575378418,2.74700927734375,5.20602560043335,13.358440399169922,0.6647897362709045
20640,,,4.358391379355453e-05,,,,,,,,,,,
20649,43.0,,,,,,,0.7411483526229858,,,,,,
20699,43.0,,,,,,,0.8921074271202087,,,,,,
20749,43.0,,,,,,,0.7488874197006226,,,,,,
20799,43.0,,,,,,,0.9460148215293884,,,,,,
20849,43.0,,,,,,,0.7684981822967529,,,,,,
20899,43.0,,,,,,,0.9101590514183044,,,,,,
20949,43.0,,,,,,,0.7581266164779663,,,,,,
20999,43.0,,,,,,,0.6193011999130249,,,,,,
21049,43.0,,,,,,,0.5222954750061035,,,,,,
21099,43.0,,,,,,,0.6415020227432251,,,,,,
21119,43.0,,,0.0,0.0,0.0,0.0,,4.358391379355453e-05,19.915817260742188,3.1236155033111572,3.8103678226470947,12.981834411621094,0.6394328474998474
21120,,,4.3208474380662665e-05,,,,,,,,,,,
21149,44.0,,,,,,,0.8091827630996704,,,,,,
21199,44.0,,,,,,,0.697783887386322,,,,,,
21249,44.0,,,,,,,0.5489625334739685,,,,,,
21299,44.0,,,,,,,0.7722100019454956,,,,,,
21349,44.0,,,,,,,0.8664847016334534,,,,,,
21399,44.0,,,,,,,0.813796877861023,,,,,,
21449,44.0,,,,,,,0.7292863726615906,,,,,,
21499,44.0,,,,,,,0.5928819179534912,,,,,,
21549,44.0,,,,,,,0.742631196975708,,,,,,
21599,44.0,,,0.0,0.0,0.0,0.0,0.7783966064453125,4.3208474380662665e-05,19.29552459716797,2.5033230781555176,3.9432876110076904,12.84891414642334,0.6178736686706543
21600,,,4.282411464373581e-05,,,,,,,,,,,
21649,45.0,,,,,,,0.607417106628418,,,,,,
21699,45.0,,,,,,,0.7125527262687683,,,,,,
21749,45.0,,,,,,,0.9497793912887573,,,,,,
21799,45.0,,,,,,,0.7610718607902527,,,,,,
21849,45.0,,,,,,,0.8485788106918335,,,,,,
21899,45.0,,,,,,,0.6215336322784424,,,,,,
21949,45.0,,,,,,,0.7069883346557617,,,,,,
21999,45.0,,,,,,,0.6375274658203125,,,,,,
22049,45.0,,,,,,,0.6596494913101196,,,,,,
22079,45.0,,,0.0,0.0,0.0,0.0,,4.282411464373581e-05,19.361984252929688,3.145768642425537,3.0571556091308594,13.15906047821045,0.6337647438049316
22080,,,4.243103467160836e-05,,,,,,,,,,,
22099,46.0,,,,,,,0.7099524736404419,,,,,,
22149,46.0,,,,,,,0.6273662447929382,,,,,,
22199,46.0,,,,,,,0.5865718722343445,,,,,,
22249,46.0,,,,,,,0.49129703640937805,,,,,,
22299,46.0,,,,,,,0.650489330291748,,,,,,
22349,46.0,,,,,,,0.6112378835678101,,,,,,
22399,46.0,,,,,,,0.6181356310844421,,,,,,
22449,46.0,,,,,,,0.9343596696853638,,,,,,
22499,46.0,,,,,,,0.736657977104187,,,,,,
22549,46.0,,,,,,,0.7984914779663086,,,,,,
22559,46.0,,,0.0,0.0,0.0,0.0,,4.243103467160836e-05,18.542312622070312,1.9937970638275146,4.430660247802734,12.1178560256958,0.6175007224082947
22560,,,4.202942727715708e-05,,,,,,,,,,,
22599,47.0,,,,,,,0.6243573427200317,,,,,,
22649,47.0,,,,,,,0.7311866283416748,,,,,,
22699,47.0,,,,,,,0.8147016763687134,,,,,,
22749,47.0,,,,,,,0.61082524061203,,,,,,
22799,47.0,,,,,,,0.9440557956695557,,,,,,
22849,47.0,,,,,,,0.8363632559776306,,,,,,
22899,47.0,,,,,,,0.8004090189933777,,,,,,
22949,47.0,,,,,,,0.7958930730819702,,,,,,
22999,47.0,,,,,,,0.7172130346298218,,,,,,
23039,47.0,,,0.0,0.0,0.0,0.0,,4.202942727715708e-05,19.649978637695312,2.5476295948028564,4.474967002868652,12.627381324768066,0.635897696018219
23040,,,4.161949982517399e-05,,,,,,,,,,,
23049,48.0,,,,,,,0.5536826848983765,,,,,,
23099,48.0,,,,,,,0.5570307374000549,,,,,,
23149,48.0,,,,,,,0.9152783155441284,,,,,,
23199,48.0,,,,,,,0.6513334512710571,,,,,,
23249,48.0,,,,,,,0.7364972829818726,,,,,,
23299,48.0,,,,,,,0.7519120573997498,,,,,,
23349,48.0,,,,,,,0.6903667449951172,,,,,,
23399,48.0,,,,,,,0.7600002288818359,,,,,,
23449,48.0,,,,,,,0.6130609512329102,,,,,,
23499,48.0,,,,,,,0.7625519037246704,,,,,,
23519,48.0,,,0.0,0.0,0.0,0.0,,4.161949982517399e-05,18.56446647644043,3.0793087482452393,3.256535291671753,12.228622436523438,0.5898826122283936
23520,,,4.1201452404493466e-05,,,,,,,,,,,
23549,49.0,,,,,,,0.7255657911300659,,,,,,
23599,49.0,,,,,,,0.6820070743560791,,,,,,
23649,49.0,,,,,,,0.9629166126251221,,,,,,
23699,49.0,,,,,,,0.707674503326416,,,,,,
23749,49.0,,,,,,,0.4358753263950348,,,,,,
23799,49.0,,,,,,,0.7569107413291931,,,,,,
23849,49.0,,,,,,,0.670120894908905,,,,,,
23899,49.0,,,,,,,0.8058779239654541,,,,,,
23949,49.0,,,,,,,0.8670886754989624,,,,,,
23999,49.0,,,0.0,0.0,0.0,0.0,0.4703633785247803,4.1201452404493466e-05,18.431547164916992,2.680549383163452,3.4780681133270264,12.272928237915039,0.6011189222335815
24000,,,4.077549965586513e-05,,,,,,,,,,,
24049,50.0,,,,,,,0.6301939487457275,,,,,,
24099,50.0,,,,,,,0.7947285175323486,,,,,,
24149,50.0,,,,,,,0.7368558645248413,,,,,,
24199,50.0,,,,,,,0.5433543920516968,,,,,,
24249,50.0,,,,,,,0.9356706142425537,,,,,,
24299,50.0,,,,,,,0.674714207649231,,,,,,
24349,50.0,,,,,,,0.6425321102142334,,,,,,
24399,50.0,,,,,,,0.6580237746238708,,,,,,
24449,50.0,,,,,,,0.5545621514320374,,,,,,
24479,50.0,,,0.0,0.0,0.0,0.0,,4.077549965586513e-05,18.121400833129883,2.658396005630493,3.3894550800323486,12.073549270629883,0.6043656468391418
24480,,,4.034185622003861e-05,,,,,,,,,,,
24499,51.0,,,,,,,0.5278391242027283,,,,,,
24549,51.0,,,,,,,0.6386116743087769,,,,,,
24599,51.0,,,,,,,0.7414848804473877,,,,,,
24649,51.0,,,,,,,0.4509522616863251,,,,,,
24699,51.0,,,,,,,0.6959895491600037,,,,,,
24749,51.0,,,,,,,0.7454293370246887,,,,,,
24799,51.0,,,,,,,0.7400054931640625,,,,,,
24849,51.0,,,,,,,0.7838727235794067,,,,,,
24899,51.0,,,,,,,0.622323215007782,,,,,,
24949,51.0,,,,,,,0.5835298299789429,,,,,,
24959,51.0,,,0.0,0.0,0.0,0.0,,4.034185622003861e-05,18.36508560180664,2.813469171524048,3.633141279220581,11.918476104736328,0.5962305068969727
24960,,,3.9900740375742316e-05,,,,,,,,,,,
24999,52.0,,,,,,,0.5777127742767334,,,,,,
25049,52.0,,,,,,,0.6666938066482544,,,,,,
25099,52.0,,,,,,,0.6395192742347717,,,,,,
25149,52.0,,,,,,,0.6182982921600342,,,,,,
25199,52.0,,,,,,,0.6009645462036133,,,,,,
25249,52.0,,,,,,,0.5927087068557739,,,,,,
25299,52.0,,,,,,,0.45101797580718994,,,,,,
25349,52.0,,,,,,,0.6253491044044495,,,,,,
25399,52.0,,,,,,,0.5410969257354736,,,,,,
25439,52.0,,,0.0,0.0,0.0,0.0,,3.9900740375742316e-05,17.855560302734375,2.9020824432373047,3.0793087482452393,11.87416934967041,0.5891985893249512
25440,,,3.9452370401704684e-05,,,,,,,,,,,
25449,53.0,,,,,,,0.7387804388999939,,,,,,
25499,53.0,,,,,,,0.5112975835800171,,,,,,
25549,53.0,,,,,,,0.7023634910583496,,,,,,
25599,53.0,,,,,,,0.7478944063186646,,,,,,
25649,53.0,,,,,,,0.6028013229370117,,,,,,
25699,53.0,,,,,,,0.7427663803100586,,,,,,
25749,53.0,,,,,,,0.7158369421958923,,,,,,
25799,53.0,,,,,,,0.6562211513519287,,,,,,
25849,53.0,,,,,,,0.5870077013969421,,,,,,
25899,53.0,,,,,,,1.0382291078567505,,,,,,
25919,53.0,,,0.0,0.0,0.0,0.0,,3.9452370401704684e-05,18.409393310546875,2.724855899810791,3.5002214908599854,12.18431568145752,0.5869249105453491
25920,,,3.899697549059056e-05,,,,,,,,,,,
25949,54.0,,,,,,,0.6032772660255432,,,,,,
25999,54.0,,,,,,,0.5727494955062866,,,,,,
26049,54.0,,,,,,,0.7195831537246704,,,,,,
26099,54.0,,,,,,,0.41992098093032837,,,,,,
26149,54.0,,,,,,,0.5431540012359619,,,,,,
26199,54.0,,,,,,,0.7632097601890564,,,,,,
26249,54.0,,,,,,,0.6630105972290039,,,,,,
26299,54.0,,,,,,,0.6598225235939026,,,,,,
26349,54.0,,,,,,,0.5970455408096313,,,,,,
26399,54.0,,,0.0,0.0,0.0,0.0,0.6495661735534668,3.899697549059056e-05,17.501108169555664,2.3925564289093018,3.5002214908599854,11.608329772949219,0.5696153044700623
26400,,,3.8534784835064784e-05,,,,,,,,,,,
26449,55.0,,,,,,,0.7981501817703247,,,,,,
26499,55.0,,,,,,,0.5584151744842529,,,,,,
26549,55.0,,,,,,,0.6599941849708557,,,,,,
26599,55.0,,,,,,,0.5787143707275391,,,,,,
26649,55.0,,,,,,,0.6106234788894653,,,,,,
26699,55.0,,,,,,,0.7120033502578735,,,,,,
26749,55.0,,,,,,,1.0226185321807861,,,,,,
26799,55.0,,,,,,,0.7852495908737183,,,,,,
26849,55.0,,,,,,,0.6958335638046265,,,,,,
26879,55.0,,,0.0,0.0,0.0,0.0,,3.8534784835064784e-05,17.52326011657715,2.9020824432373047,3.0128488540649414,11.608329772949219,0.5773333311080933
26880,,,3.8066031265771016e-05,,,,,,,,,,,
26899,56.0,,,,,,,0.7170774340629578,,,,,,
26949,56.0,,,,,,,0.6656508445739746,,,,,,
26999,56.0,,,,,,,0.6392302513122559,,,,,,
27049,56.0,,,,,,,0.97859126329422,,,,,,
27099,56.0,,,,,,,0.5080284476280212,,,,,,
27149,56.0,,,,,,,0.6210293769836426,,,,,,
27199,56.0,,,,,,,0.5388678908348083,,,,,,
27249,56.0,,,,,,,0.8115084171295166,,,,,,
27299,56.0,,,,,,,0.8048612475395203,,,,,,
27349,56.0,,,,,,,0.5830544233322144,,,,,,
27359,56.0,,,0.0,0.0,0.0,0.0,,3.8066031265771016e-05,17.478954315185547,2.680549383163452,3.0571556091308594,11.741249084472656,0.5820349454879761
27360,,,3.759095125133172e-05,,,,,,,,,,,
27399,57.0,,,,,,,0.7132829427719116,,,,,,
27449,57.0,,,,,,,0.37466663122177124,,,,,,
27499,57.0,,,,,,,0.5981910824775696,,,,,,
27549,57.0,,,,,,,0.5265711545944214,,,,,,
27599,57.0,,,,,,,0.7075011730194092,,,,,,
27649,57.0,,,,,,,0.4851149916648865,,,,,,
27699,57.0,,,,,,,0.7131919860839844,,,,,,
27749,57.0,,,,,,,0.7381379008293152,,,,,,
27799,57.0,,,,,,,0.7175502181053162,,,,,,
27839,57.0,,,0.0,0.0,0.0,0.0,,3.759095125133172e-05,17.988479614257812,2.1267168521881104,3.8546743392944336,12.007088661193848,0.5880575776100159
27840,,,3.7109781260369346e-05,,,,,,,,,,,
27849,58.0,,,,,,,0.46910420060157776,,,,,,
27899,58.0,,,,,,,0.5446780323982239,,,,,,
27949,58.0,,,,,,,0.6003595590591431,,,,,,
27999,58.0,,,,,,,0.46746253967285156,,,,,,
28049,58.0,,,,,,,0.6793883442878723,,,,,,
28099,58.0,,,,,,,0.5628741383552551,,,,,,
28149,58.0,,,,,,,0.4534151554107666,,,,,,
28199,58.0,,,,,,,0.6898173689842224,,,,,,
28249,58.0,,,,,,,0.5961245894432068,,,,,,
28299,58.0,,,,,,,0.8149355053901672,,,,,,
28319,58.0,,,0.0,0.0,0.0,0.0,,3.7109781260369346e-05,17.678333282470703,2.5697829723358154,3.0571556091308594,12.051395416259766,0.5879474878311157
28320,,,3.6622768675442785e-05,,,,,,,,,,,
28349,59.0,,,,,,,0.520216703414917,,,,,,
28399,59.0,,,,,,,0.7066484689712524,,,,,,
28449,59.0,,,,,,,0.6158167123794556,,,,,,
28499,59.0,,,,,,,0.5553677678108215,,,,,,
28549,59.0,,,,,,,0.5924474000930786,,,,,,
28599,59.0,,,,,,,0.5940017104148865,,,,,,
28649,59.0,,,,,,,0.5240039825439453,,,,,,
28699,59.0,,,,,,,0.5443841218948364,,,,,,
28749,59.0,,,,,,,0.5730737447738647,,,,,,
28799,59.0,,,0.0,0.0,0.0,0.0,0.5436874628067017,3.6622768675442785e-05,17.94417381286621,1.7722641229629517,4.408506870269775,11.763402938842773,0.5841823220252991
28800,,,3.6130149965174496e-05,,,,,,,,,,,
28849,60.0,,,,,,,0.6795167922973633,,,,,,
28899,60.0,,,,,,,0.5463286638259888,,,,,,
28949,60.0,,,,,,,0.435407817363739,,,,,,
28999,60.0,,,,,,,0.6015810966491699,,,,,,
29049,60.0,,,,,,,0.6218574047088623,,,,,,
29099,60.0,,,,,,,0.6970953941345215,,,,,,
29149,60.0,,,,,,,0.5947801470756531,,,,,,
29199,60.0,,,,,,,0.6984482407569885,,,,,,
29249,60.0,,,,,,,0.6111175417900085,,,,,,
29279,60.0,,,0.0,0.0,0.0,0.0,,3.6130149965174496e-05,16.814355850219727,2.5697829723358154,3.0793087482452393,11.165263175964355,0.5622494220733643
29280,,,3.563218342605978e-05,,,,,,,,,,,
29299,61.0,,,,,,,0.5332852602005005,,,,,,
29349,61.0,,,,,,,0.5902701616287231,,,,,,
29399,61.0,,,,,,,0.5208974480628967,,,,,,
29449,61.0,,,,,,,0.47577399015426636,,,,,,
29499,61.0,,,,,,,0.47275373339653015,,,,,,
29549,61.0,,,,,,,0.7478482723236084,,,,,,
29599,61.0,,,,,,,0.5260459184646606,,,,,,
29649,61.0,,,,,,,0.5647200345993042,,,,,,
29699,61.0,,,,,,,0.6610702276229858,,,,,,
29749,61.0,,,,,,,0.4679666757583618,,,,,,
29759,61.0,,,0.0,0.0,0.0,0.0,,3.563218342605978e-05,17.966327667236328,2.0602569580078125,3.8325209617614746,12.073549270629883,0.558815598487854
29760,,,3.512911280267872e-05,,,,,,,,,,,
29799,62.0,,,,,,,0.5308789014816284,,,,,,
29849,62.0,,,,,,,0.4999563694000244,,,,,,
29899,62.0,,,,,,,0.5193231105804443,,,,,,
29949,62.0,,,,,,,0.9060880541801453,,,,,,
29999,62.0,,,,,,,0.5103189945220947,,,,,,
30049,62.0,,,,,,,0.5964282751083374,,,,,,
30099,62.0,,,,,,,0.6818540692329407,,,,,,
30149,62.0,,,,,,,0.41967493295669556,,,,,,
30199,62.0,,,,,,,0.5416008234024048,,,,,,
30239,62.0,,,0.0,0.0,0.0,0.0,,3.512911280267872e-05,16.54851531982422,2.281790018081665,2.791315793991089,11.475409507751465,0.5550076365470886
30240,,,3.462119639152661e-05,,,,,,,,,,,
30249,63.0,,,,,,,0.7030853033065796,,,,,,
30299,63.0,,,,,,,0.45877158641815186,,,,,,
30349,63.0,,,,,,,0.5053157806396484,,,,,,
30399,63.0,,,,,,,0.5531711578369141,,,,,,
30449,63.0,,,,,,,0.6029089093208313,,,,,,
30499,63.0,,,,,,,0.45342230796813965,,,,,,
30549,63.0,,,,,,,0.5724903345108032,,,,,,
30599,63.0,,,,,,,0.5163289308547974,,,,,,
30649,63.0,,,,,,,0.6499255895614624,,,,,,
30699,63.0,,,,,,,0.7837857007980347,,,,,,
30719,63.0,,,0.0,0.0,0.0,0.0,,3.462119639152661e-05,16.4820556640625,2.303943395614624,2.9020824432373047,11.276030540466309,0.5403051972389221
30720,,,3.4108681575162336e-05,,,,,,,,,,,
30749,64.0,,,,,,,0.5829907059669495,,,,,,
30799,64.0,,,,,,,0.7913697957992554,,,,,,
30849,64.0,,,,,,,0.5335747599601746,,,,,,
30899,64.0,,,,,,,0.41302916407585144,,,,,,
30949,64.0,,,,,,,0.7168611288070679,,,,,,
30999,64.0,,,,,,,0.5646515488624573,,,,,,
31049,64.0,,,,,,,0.6803680062294006,,,,,,
31099,64.0,,,,,,,0.6118954420089722,,,,,,
31149,64.0,,,,,,,0.44462206959724426,,,,,,
31199,64.0,,,0.0,0.0,0.0,0.0,0.47808679938316345,3.4108681575162336e-05,16.747896194458008,2.215330123901367,2.791315793991089,11.741249084472656,0.5360459685325623
31200,,,3.3591837564017624e-05,,,,,,,,,,,
31249,65.0,,,,,,,0.5612225532531738,,,,,,
31299,65.0,,,,,,,0.6824109554290771,,,,,,
31349,65.0,,,,,,,0.6863804459571838,,,,,,
31399,65.0,,,,,,,0.5470836758613586,,,,,,
31449,65.0,,,,,,,0.47974371910095215,,,,,,
31499,65.0,,,,,,,0.44165295362472534,,,,,,
31549,65.0,,,,,,,0.6743050217628479,,,,,,
31599,65.0,,,,,,,0.5074114799499512,,,,,,
31649,65.0,,,,,,,0.2600170373916626,,,,,,
31679,65.0,,,0.0,0.0,0.0,0.0,,3.3591837564017624e-05,17.52326011657715,2.4811697006225586,3.278688430786133,11.763402938842773,0.5561747550964355
31680,,,3.307091537863016e-05,,,,,,,,,,,
31699,66.0,,,,,,,0.602138876914978,,,,,,
31749,66.0,,,,,,,0.4956883192062378,,,,,,
31799,66.0,,,,,,,0.6492211818695068,,,,,,
31849,66.0,,,,,,,0.6397327184677124,,,,,,
31899,66.0,,,,,,,0.7199240922927856,,,,,,
31949,66.0,,,,,,,0.438008576631546,,,,,,
31999,66.0,,,,,,,0.5521964430809021,,,,,,
32049,66.0,,,,,,,0.5056105852127075,,,,,,
32099,66.0,,,,,,,0.5431555509567261,,,,,,
32149,66.0,,,,,,,0.5070072412490845,,,,,,
32159,66.0,,,0.0,0.0,0.0,0.0,,3.307091537863016e-05,16.4377498626709,2.4811697006225586,2.8799290657043457,11.076650619506836,0.5638187527656555
32160,,,3.2546184229431674e-05,,,,,,,,,,,
32199,67.0,,,,,,,0.505638599395752,,,,,,
32249,67.0,,,,,,,0.4095929265022278,,,,,,
32299,67.0,,,,,,,0.4799177348613739,,,,,,
32349,67.0,,,,,,,0.4231264591217041,,,,,,
32399,67.0,,,,,,,0.505353569984436,,,,,,
32449,67.0,,,,,,,0.5518240332603455,,,,,,
32499,67.0,,,,,,,0.7205127477645874,,,,,,
32549,67.0,,,,,,,0.5631932020187378,,,,,,
32599,67.0,,,,,,,0.5595110654830933,,,,,,
32639,67.0,,,0.0,0.0,0.0,0.0,,3.2546184229431674e-05,15.81745719909668,2.3925564289093018,3.0793087482452393,10.34559154510498,0.5381617546081543
32640,,,3.2017902412917465e-05,,,,,,,,,,,
32649,68.0,,,,,,,0.5125098824501038,,,,,,
32699,68.0,,,,,,,0.6307749152183533,,,,,,
32749,68.0,,,,,,,0.3748173713684082,,,,,,
32799,68.0,,,,,,,0.5477584600448608,,,,,,
32849,68.0,,,,,,,0.48670679330825806,,,,,,
32899,68.0,,,,,,,0.46152597665786743,,,,,,
32949,68.0,,,,,,,0.6227240562438965,,,,,,
32999,68.0,,,,,,,0.5477833151817322,,,,,,
33049,68.0,,,,,,,0.4989345073699951,,,,,,
33099,68.0,,,,,,,0.3521305024623871,,,,,,
33119,68.0,,,0.0,0.0,0.0,0.0,,3.2017902412917465e-05,15.950376510620117,1.9051839113235474,3.0350022315979004,11.010190963745117,0.5385854244232178
33120,,,3.148633913951926e-05,,,,,,,,,,,
33149,69.0,,,,,,,0.7109777927398682,,,,,,
33199,69.0,,,,,,,0.4998791217803955,,,,,,
33249,69.0,,,,,,,0.42371565103530884,,,,,,
33299,69.0,,,,,,,0.5728760361671448,,,,,,
33349,69.0,,,,,,,0.36411184072494507,,,,,,
33399,69.0,,,,,,,0.43406322598457336,,,,,,
33449,69.0,,,,,,,0.6119560599327087,,,,,,
33499,69.0,,,,,,,0.5880447626113892,,,,,,
33549,69.0,,,,,,,0.48620957136154175,,,,,,
33599,69.0,,,0.0,0.0,0.0,0.0,0.34573015570640564,3.148633913951926e-05,17.301727294921875,2.0381035804748535,3.8325209617614746,11.431103706359863,0.5717611908912659
33600,,,3.095176361966878e-05,,,,,,,,,,,
33649,70.0,,,,,,,0.4960874617099762,,,,,,
33699,70.0,,,,,,,0.5396249294281006,,,,,,
33749,70.0,,,,,,,0.6489671468734741,,,,,,
33799,70.0,,,,,,,0.27187013626098633,,,,,,
33849,70.0,,,,,,,0.5655167102813721,,,,,,
33899,70.0,,,,,,,0.49699872732162476,,,,,,
33949,70.0,,,,,,,0.40162691473960876,,,,,,
33999,70.0,,,,,,,0.5381434559822083,,,,,,
34049,70.0,,,,,,,0.40503743290901184,,,,,,
34079,70.0,,,0.0,0.0,0.0,0.0,,3.095176361966878e-05,16.681434631347656,1.9494904279708862,3.3894550800323486,11.342490196228027,0.5677239894866943
34080,,,3.041444142581895e-05,,,,,,,,,,,
34099,71.0,,,,,,,0.4240272641181946,,,,,,
34149,71.0,,,,,,,0.40701454877853394,,,,,,
34199,71.0,,,,,,,0.4664681851863861,,,,,,
34249,71.0,,,,,,,0.47321397066116333,,,,,,
34299,71.0,,,,,,,0.7015153169631958,,,,,,
34349,71.0,,,,,,,0.3579956293106079,,,,,,
34399,71.0,,,,,,,0.3519078493118286,,,,,,
34449,71.0,,,,,,,0.40333840250968933,,,,,,
34499,71.0,,,,,,,0.36777567863464355,,,,,,
34549,71.0,,,,,,,0.513969361782074,,,,,,
34559,71.0,,,0.0,0.0,0.0,0.0,,3.041444142581895e-05,16.194063186645508,1.5950376987457275,3.4337615966796875,11.165263175964355,0.5332776308059692
34560,,,2.9874643587390892e-05,,,,,,,,,,,
34599,72.0,,,,,,,0.42518121004104614,,,,,,
34649,72.0,,,,,,,0.6134292483329773,,,,,,
34699,72.0,,,,,,,0.485821008682251,,,,,,
34749,72.0,,,,,,,0.4736812710762024,,,,,,
34799,72.0,,,,,,,0.4040408730506897,,,,,,
34849,72.0,,,,,,,0.40268170833587646,,,,,,
34899,72.0,,,,,,,0.427312433719635,,,,,,
34949,72.0,,,,,,,0.5606708526611328,,,,,,
34999,72.0,,,,,,,0.5330600142478943,,,,,,
35039,72.0,,,0.0,0.0,0.0,0.0,,2.9874643587390892e-05,16.349136352539062,2.215330123901367,2.9685423374176025,11.165263175964355,0.5502153038978577
35040,,,2.9332644771784544e-05,,,,,,,,,,,
35049,73.0,,,,,,,0.47378456592559814,,,,,,
35099,73.0,,,,,,,0.4014836549758911,,,,,,
35149,73.0,,,,,,,0.5562229752540588,,,,,,
35199,73.0,,,,,,,0.5689598321914673,,,,,,
35249,73.0,,,,,,,0.43983036279678345,,,,,,
35299,73.0,,,,,,,0.5659394264221191,,,,,,
35349,73.0,,,,,,,0.4064827561378479,,,,,,
35399,73.0,,,,,,,0.30796563625335693,,,,,,
35449,73.0,,,,,,,0.49968287348747253,,,,,,
35499,73.0,,,,,,,0.7681435346603394,,,,,,
35519,73.0,,,0.0,0.0,0.0,0.0,,2.9332644771784544e-05,14.798404693603516,1.8830305337905884,2.5033230781555176,10.4120512008667,0.5133602023124695
35520,,,2.878871418943163e-05,,,,,,,,,,,
35549,74.0,,,,,,,0.46851032972335815,,,,,,
35599,74.0,,,,,,,0.49834296107292175,,,,,,
35649,74.0,,,,,,,0.5952921509742737,,,,,,
35699,74.0,,,,,,,0.5009405612945557,,,,,,
35749,74.0,,,,,,,0.49259763956069946,,,,,,
35799,74.0,,,,,,,0.42755818367004395,,,,,,
35849,74.0,,,,,,,0.5075292587280273,,,,,,
35899,74.0,,,,,,,0.5895255208015442,,,,,,
35949,74.0,,,,,,,0.5513138771057129,,,,,,
35999,74.0,,,0.0,0.0,0.0,0.0,0.4749988913536072,2.878871418943163e-05,16.06114387512207,2.4147098064422607,2.9242358207702637,10.722197532653809,0.5353487133979797
36000,,,2.8243130145710893e-05,,,,,,,,,,,
36049,75.0,,,,,,,0.4955124258995056,,,,,,
36099,75.0,,,,,,,0.4295656085014343,,,,,,
36149,75.0,,,,,,,0.5227900743484497,,,,,,
36199,75.0,,,,,,,0.41074419021606445,,,,,,
36249,75.0,,,,,,,0.3927798271179199,,,,,,
36299,75.0,,,,,,,0.5713513493537903,,,,,,
36349,75.0,,,,,,,0.5923684239387512,,,,,,
36399,75.0,,,,,,,0.3048502504825592,,,,,,
36449,75.0,,,,,,,0.39450526237487793,,,,,,
36479,75.0,,,0.0,0.0,0.0,0.0,,2.8243130145710893e-05,15.81745719909668,1.860877275466919,3.0128488540649414,10.943730354309082,0.5526198148727417
36480,,,2.769616367004346e-05,,,,,,,,,,,
36499,76.0,,,,,,,0.4540528357028961,,,,,,
36549,76.0,,,,,,,0.4678623080253601,,,,,,
36599,76.0,,,,,,,0.579339861869812,,,,,,
36649,76.0,,,,,,,0.4848337173461914,,,,,,
36699,76.0,,,,,,,0.3492683172225952,,,,,,
36749,76.0,,,,,,,0.5994585752487183,,,,,,
36799,76.0,,,,,,,0.44298022985458374,,,,,,
36849,76.0,,,,,,,0.503446102142334,,,,,,
36899,76.0,,,,,,,0.43706706166267395,,,,,,
36949,76.0,,,,,,,0.6386494040489197,,,,,,
36959,76.0,,,0.0,0.0,0.0,0.0,,2.769616367004346e-05,15.883916854858398,2.281790018081665,2.8799290657043457,10.722197532653809,0.5675394535064697
36960,,,2.7148091248818673e-05,,,,,,,,,,,
36999,77.0,,,,,,,0.4368353486061096,,,,,,
37049,77.0,,,,,,,0.37107664346694946,,,,,,
37099,77.0,,,,,,,0.24275529384613037,,,,,,
37149,77.0,,,,,,,0.3312888443470001,,,,,,
37199,77.0,,,,,,,0.34624943137168884,,,,,,
37249,77.0,,,,,,,0.3547877371311188,,,,,,
37299,77.0,,,,,,,0.7377820014953613,,,,,,
37349,77.0,,,,,,,0.4129796624183655,,,,,,
37399,77.0,,,,,,,0.48992204666137695,,,,,,
37439,77.0,,,0.0,0.0,0.0,0.0,,2.7148091248818673e-05,15.307930946350098,1.860877275466919,3.167922019958496,10.279131889343262,0.5263664722442627
37440,,,2.6599187549436465e-05,,,,,,,,,,,
37449,78.0,,,,,,,0.5552598237991333,,,,,,
37499,78.0,,,,,,,0.4828956127166748,,,,,,
37549,78.0,,,,,,,0.6120140552520752,,,,,,
37599,78.0,,,,,,,0.7110244035720825,,,,,,
37649,78.0,,,,,,,0.37783241271972656,,,,,,
37699,78.0,,,,,,,0.48419296741485596,,,,,,
37749,78.0,,,,,,,0.5555065274238586,,,,,,
37799,78.0,,,,,,,0.48253870010375977,,,,,,
37849,78.0,,,,,,,0.33048006892204285,,,,,,
37899,78.0,,,,,,,0.5731728076934814,,,,,,
37919,78.0,,,0.0,0.0,0.0,0.0,,2.6599187549436465e-05,15.396544456481934,2.0159504413604736,3.167922019958496,10.212671279907227,0.5521143078804016
37920,,,2.6049732696264982e-05,,,,,,,,,,,
37949,79.0,,,,,,,0.35187050700187683,,,,,,
37999,79.0,,,,,,,0.473495215177536,,,,,,
38049,79.0,,,,,,,0.4314200282096863,,,,,,
38099,79.0,,,,,,,0.3551310896873474,,,,,,
38149,79.0,,,,,,,0.29902392625808716,,,,,,
38199,79.0,,,,,,,0.459780752658844,,,,,,
38249,79.0,,,,,,,0.38282108306884766,,,,,,
38299,79.0,,,,,,,0.4637262523174286,,,,,,
38349,79.0,,,,,,,0.45486652851104736,,,,,,
38399,79.0,,,0.0,0.0,0.0,0.0,0.4094276428222656,2.6049732696264982e-05,16.393442153930664,1.9273371696472168,3.566681385040283,10.899423599243164,0.570225179195404
38400,,,2.5499999537714757e-05,,,,,,,,,,,
38449,80.0,,,,,,,0.32942071557044983,,,,,,
38499,80.0,,,,,,,0.4083311855792999,,,,,,
38549,80.0,,,,,,,0.5129107236862183,,,,,,
38599,80.0,,,,,,,0.7715040445327759,,,,,,
38649,80.0,,,,,,,0.3918338716030121,,,,,,
38699,80.0,,,,,,,0.409914493560791,,,,,,
38749,80.0,,,,,,,0.36241936683654785,,,,,,
38799,80.0,,,,,,,0.37529271841049194,,,,,,
38849,80.0,,,,,,,0.3072667717933655,,,,,,
38879,80.0,,,0.0,0.0,0.0,0.0,,2.5499999537714757e-05,15.750996589660645,2.193176746368408,2.680549383163452,10.877270698547363,0.5505625009536743
38880,,,2.4950268198153935e-05,,,,,,,,,,,
38899,81.0,,,,,,,0.3042692542076111,,,,,,
38949,81.0,,,,,,,0.5734286308288574,,,,,,
38999,81.0,,,,,,,0.4151795506477356,,,,,,
39049,81.0,,,,,,,0.5733102560043335,,,,,,
39099,81.0,,,,,,,0.5716677904129028,,,,,,
39149,81.0,,,,,,,0.25589096546173096,,,,,,
39199,81.0,,,,,,,0.3753061294555664,,,,,,
39249,81.0,,,,,,,0.5470939874649048,,,,,,
39299,81.0,,,,,,,0.3634965121746063,,,,,,
39349,81.0,,,,,,,0.3666318655014038,,,,,,
39359,81.0,,,0.0,0.0,0.0,0.0,,2.4950268198153935e-05,15.285778045654297,1.7722641229629517,3.212228536605835,10.301284790039062,0.5365398526191711
39360,,,2.440081152599305e-05,,,,,,,,,,,
39399,82.0,,,,,,,0.3028740882873535,,,,,,
39449,82.0,,,,,,,0.3391674757003784,,,,,,
39499,82.0,,,,,,,0.32200857996940613,,,,,,
39549,82.0,,,,,,,0.39803534746170044,,,,,,
39599,82.0,,,,,,,0.41749656200408936,,,,,,
39649,82.0,,,,,,,0.45675066113471985,,,,,,
39699,82.0,,,,,,,0.3977649509906769,,,,,,
39749,82.0,,,,,,,0.3957897424697876,,,,,,
39799,82.0,,,,,,,0.40071552991867065,,,,,,
39839,82.0,,,0.0,0.0,0.0,0.0,,2.440081152599305e-05,15.197164535522461,1.9937970638275146,2.9906957149505615,10.212671279907227,0.5394884943962097
39840,,,2.3851909645600244e-05,,,,,,,,,,,
39849,83.0,,,,,,,0.28371089696884155,,,,,,
39899,83.0,,,,,,,0.36954841017723083,,,,,,
39949,83.0,,,,,,,0.45954644680023193,,,,,,
39999,83.0,,,,,,,0.4364094138145447,,,,,,
40049,83.0,,,,,,,0.3116797208786011,,,,,,
40099,83.0,,,,,,,0.47599008679389954,,,,,,
40149,83.0,,,,,,,0.2936484217643738,,,,,,
40199,83.0,,,,,,,0.4695962071418762,,,,,,
40249,83.0,,,,,,,0.4169423282146454,,,,,,
40299,83.0,,,,,,,0.4478338062763214,,,,,,
40319,83.0,,,0.0,0.0,0.0,0.0,,2.3851909645600244e-05,15.26362419128418,2.4811697006225586,2.6140894889831543,10.168365478515625,0.5283474922180176
40320,,,2.3303837224375457e-05,,,,,,,,,,,
40349,84.0,,,,,,,0.3552389144897461,,,,,,
40399,84.0,,,,,,,0.38616231083869934,,,,,,
40449,84.0,,,,,,,0.2931409776210785,,,,,,
40499,84.0,,,,,,,0.3119920492172241,,,,,,
40549,84.0,,,,,,,0.46610355377197266,,,,,,
40599,84.0,,,,,,,0.39531975984573364,,,,,,
40649,84.0,,,,,,,0.4585133194923401,,,,,,
40699,84.0,,,,,,,0.423272967338562,,,,,,
40749,84.0,,,,,,,0.4715263247489929,,,,,,
40799,84.0,,,0.0,0.0,0.0,0.0,0.12855008244514465,2.3303837224375457e-05,14.665485382080078,1.9937970638275146,2.4368631839752197,10.234825134277344,0.5395071506500244
40800,,,2.2756870748708025e-05,,,,,,,,,,,
40849,85.0,,,,,,,0.2947003245353699,,,,,,
40899,85.0,,,,,,,0.3931446075439453,,,,,,
40949,85.0,,,,,,,0.5848925113677979,,,,,,
40999,85.0,,,,,,,0.43193182349205017,,,,,,
41049,85.0,,,,,,,0.3908739387989044,,,,,,
41099,85.0,,,,,,,0.4842584431171417,,,,,,
41149,85.0,,,,,,,0.3203445076942444,,,,,,
41199,85.0,,,,,,,0.3978520631790161,,,,,,
41249,85.0,,,,,,,0.281050443649292,,,,,,
41279,85.0,,,0.0,0.0,0.0,0.0,,2.2756870748708025e-05,15.59592342376709,2.1045634746551514,2.9020824432373047,10.589278221130371,0.5492053031921387
41280,,,2.2211284885997884e-05,,,,,,,,,,,
41299,86.0,,,,,,,0.35875871777534485,,,,,,
41349,86.0,,,,,,,0.33783310651779175,,,,,,
41399,86.0,,,,,,,0.3536422848701477,,,,,,
41449,86.0,,,,,,,0.33988696336746216,,,,,,
41499,86.0,,,,,,,0.4483744502067566,,,,,,
41549,86.0,,,,,,,0.26469624042510986,,,,,,
41599,86.0,,,,,,,0.3621068596839905,,,,,,
41649,86.0,,,,,,,0.35410842299461365,,,,,,
41699,86.0,,,,,,,0.44759947061538696,,,,,,
41749,86.0,,,,,,,0.39208048582077026,,,,,,
41759,86.0,,,0.0,0.0,0.0,0.0,,2.2211284885997884e-05,14.798404693603516,2.0602569580078125,2.724855899810791,10.01329231262207,0.5420658588409424
41760,,,2.1667356122634374e-05,,,,,,,,,,,
41799,87.0,,,,,,,0.4387039840221405,,,,,,
41849,87.0,,,,,,,0.4692628085613251,,,,,,
41899,87.0,,,,,,,0.2720339894294739,,,,,,
41949,87.0,,,,,,,0.41551703214645386,,,,,,
41999,87.0,,,,,,,0.3538516163825989,,,,,,
42049,87.0,,,,,,,0.30024254322052,,,,,,
42099,87.0,,,,,,,0.43825891613960266,,,,,,
42149,87.0,,,,,,,0.28166282176971436,,,,,,
42199,87.0,,,,,,,0.37000924348831177,,,,,,
42239,87.0,,,0.0,0.0,0.0,0.0,,2.1667356122634374e-05,15.086398124694824,1.9051839113235474,2.702702760696411,10.478510856628418,0.5352151393890381
42240,,,2.1125355488038622e-05,,,,,,,,,,,
42249,88.0,,,,,,,0.32789376378059387,,,,,,
42299,88.0,,,,,,,0.4100568890571594,,,,,,
42349,88.0,,,,,,,0.29884108901023865,,,,,,
42399,88.0,,,,,,,0.3269571363925934,,,,,,
42449,88.0,,,,,,,0.43185675144195557,,,,,,
42499,88.0,,,,,,,0.43873006105422974,,,,,,
42549,88.0,,,,,,,0.38980674743652344,,,,,,
42599,88.0,,,,,,,0.3368968367576599,,,,,,
42649,88.0,,,,,,,0.47675320506095886,,,,,,
42699,88.0,,,,,,,0.2713860869407654,,,,,,
42719,88.0,,,0.0,0.0,0.0,0.0,,2.1125355488038622e-05,15.042091369628906,2.193176746368408,2.702702760696411,10.146211624145508,0.5341566801071167
42720,,,2.0585559468599968e-05,,,,,,,,,,,
42749,89.0,,,,,,,0.40437597036361694,,,,,,
42799,89.0,,,,,,,0.27349188923835754,,,,,,
42849,89.0,,,,,,,0.3586312234401703,,,,,,
42899,89.0,,,,,,,0.6062089204788208,,,,,,
42949,89.0,,,,,,,0.5364349484443665,,,,,,
42999,89.0,,,,,,,0.39365601539611816,,,,,,
43049,89.0,,,,,,,0.3266237676143646,,,,,,
43099,89.0,,,,,,,0.6747562885284424,,,,,,
43149,89.0,,,,,,,0.3890189230442047,,,,,,
43199,89.0,,,0.0,0.0,0.0,0.0,0.25886785984039307,2.0585559468599968e-05,15.50731086730957,1.9494904279708862,2.9242358207702637,10.633584022521973,0.5422495007514954
43200,,,2.0048237274750136e-05,,,,,,,,,,,
43249,90.0,,,,,,,0.320942759513855,,,,,,
43299,90.0,,,,,,,0.43439170718193054,,,,,,
43349,90.0,,,,,,,0.3668765723705292,,,,,,
43399,90.0,,,,,,,0.492939829826355,,,,,,
43449,90.0,,,,,,,0.28810399770736694,,,,,,
43499,90.0,,,,,,,0.3107030391693115,,,,,,
43549,90.0,,,,,,,0.36034345626831055,,,,,,
43599,90.0,,,,,,,0.4662458300590515,,,,,,
43649,90.0,,,,,,,0.41926300525665283,,,,,,
43679,90.0,,,0.0,0.0,0.0,0.0,,2.0048237274750136e-05,15.307930946350098,2.303943395614624,2.370403289794922,10.633584022521973,0.5474916696548462
43680,,,1.9513659935910255e-05,,,,,,,,,,,
43699,91.0,,,,,,,0.24205315113067627,,,,,,
43749,91.0,,,,,,,0.5482195019721985,,,,,,
43799,91.0,,,,,,,0.30013805627822876,,,,,,
43849,91.0,,,,,,,0.4763358235359192,,,,,,
43899,91.0,,,,,,,0.33364570140838623,,,,,,
43949,91.0,,,,,,,0.26651039719581604,,,,,,
43999,91.0,,,,,,,0.4186928868293762,,,,,,
44049,91.0,,,,,,,0.248646080493927,,,,,,
44099,91.0,,,,,,,0.2924075126647949,,,,,,
44149,91.0,,,,,,,0.3697337508201599,,,,,,
44159,91.0,,,0.0,0.0,0.0,0.0,,1.9513659935910255e-05,15.197164535522461,1.8830305337905884,3.0350022315979004,10.279131889343262,0.541908860206604
44160,,,1.898209666251205e-05,,,,,,,,,,,
44199,92.0,,,,,,,0.3841977119445801,,,,,,
44249,92.0,,,,,,,0.1597660481929779,,,,,,
44299,92.0,,,,,,,0.3515964150428772,,,,,,
44349,92.0,,,,,,,0.3774997889995575,,,,,,
44399,92.0,,,,,,,0.41650211811065674,,,,,,
44449,92.0,,,,,,,0.441433846950531,,,,,,
44499,92.0,,,,,,,0.41236013174057007,,,,,,
44549,92.0,,,,,,,0.5109390020370483,,,,,,
44599,92.0,,,,,,,0.19735388457775116,,,,,,
44639,92.0,,,0.0,0.0,0.0,0.0,,1.898209666251205e-05,14.59902572631836,2.0159504413604736,2.813469171524048,9.76960563659668,0.5416902899742126
44640,,,1.8453816664987244e-05,,,,,,,,,,,
44649,93.0,,,,,,,0.37992238998413086,,,,,,
44699,93.0,,,,,,,0.2915758490562439,,,,,,
44749,93.0,,,,,,,0.2647850811481476,,,,,,
44799,93.0,,,,,,,0.3407001197338104,,,,,,
44849,93.0,,,,,,,0.37614887952804565,,,,,,
44899,93.0,,,,,,,0.3382727801799774,,,,,,
44949,93.0,,,,,,,0.2649924159049988,,,,,,
44999,93.0,,,,,,,0.24715355038642883,,,,,,
45049,93.0,,,,,,,0.5209544897079468,,,,,,
45099,93.0,,,,,,,0.2704792022705078,,,,,,
45119,93.0,,,0.0,0.0,0.0,0.0,,1.8453816664987244e-05,15.219317436218262,2.215330123901367,2.5919361114501953,10.4120512008667,0.5470983982086182
45120,,,1.7929083696799353e-05,,,,,,,,,,,
45149,94.0,,,,,,,0.4293680191040039,,,,,,
45199,94.0,,,,,,,0.26979559659957886,,,,,,
45249,94.0,,,,,,,0.27150121331214905,,,,,,
45299,94.0,,,,,,,0.33771562576293945,,,,,,
45349,94.0,,,,,,,0.19234363734722137,,,,,,
45399,94.0,,,,,,,0.2283424586057663,,,,,,
45449,94.0,,,,,,,0.28358393907546997,,,,,,
45499,94.0,,,,,,,0.4691541790962219,,,,,,
45549,94.0,,,,,,,0.5182511210441589,,,,,,
45599,94.0,,,0.0,0.0,0.0,0.0,0.20547989010810852,1.7929083696799353e-05,15.573770523071289,2.1488702297210693,2.769162654876709,10.65573787689209,0.5668601989746094
45600,,,1.7408163330401294e-05,,,,,,,,,,,
45649,95.0,,,,,,,0.39348354935646057,,,,,,
45699,95.0,,,,,,,0.47988635301589966,,,,,,
45749,95.0,,,,,,,0.4305955171585083,,,,,,
45799,95.0,,,,,,,0.20434951782226562,,,,,,
45849,95.0,,,,,,,0.2581101655960083,,,,,,
45899,95.0,,,,,,,0.26574355363845825,,,,,,
45949,95.0,,,,,,,0.3688061833381653,,,,,,
45999,95.0,,,,,,,0.2818980813026428,,,,,,
46049,95.0,,,,,,,0.2730732262134552,,,,,,
46079,95.0,,,0.0,0.0,0.0,0.0,,1.7408163330401294e-05,15.551617622375488,2.1045634746551514,2.9020824432373047,10.544971466064453,0.5733629465103149
46080,,,1.6891317500267178e-05,,,,,,,,,,,
46099,96.0,,,,,,,0.3830602765083313,,,,,,
46149,96.0,,,,,,,0.37715810537338257,,,,,,
46199,96.0,,,,,,,0.31902486085891724,,,,,,
46249,96.0,,,,,,,0.4006090760231018,,,,,,
46299,96.0,,,,,,,0.36408859491348267,,,,,,
46349,96.0,,,,,,,0.26424866914749146,,,,,,
46399,96.0,,,,,,,0.2641536593437195,,,,,,
46449,96.0,,,,,,,0.3642992377281189,,,,,,
46499,96.0,,,,,,,0.3984244763851166,,,,,,
46549,96.0,,,,,,,0.19323194026947021,,,,,,
46559,96.0,,,0.0,0.0,0.0,0.0,,1.6891317500267178e-05,15.086398124694824,1.7058041095733643,3.0350022315979004,10.34559154510498,0.5613061189651489
46560,,,1.6378804502892308e-05,,,,,,,,,,,
46599,97.0,,,,,,,0.3097155690193176,,,,,,
46649,97.0,,,,,,,0.5084875822067261,,,,,,
46699,97.0,,,,,,,0.48176997900009155,,,,,,
46749,97.0,,,,,,,0.26836493611335754,,,,,,
46799,97.0,,,,,,,0.447605699300766,,,,,,
46849,97.0,,,,,,,0.19705086946487427,,,,,,
46899,97.0,,,,,,,0.3337678909301758,,,,,,
46949,97.0,,,,,,,0.3237159252166748,,,,,,
46999,97.0,,,,,,,0.32596850395202637,,,,,,
47039,97.0,,,0.0,0.0,0.0,0.0,,1.6378804502892308e-05,15.130704879760742,1.7501107454299927,2.857775926589966,10.522817611694336,0.5632171034812927
47040,,,1.5870886272750795e-05,,,,,,,,,,,
47049,98.0,,,,,,,0.46121135354042053,,,,,,
47099,98.0,,,,,,,0.33767640590667725,,,,,,
47149,98.0,,,,,,,0.3524412512779236,,,,,,
47199,98.0,,,,,,,0.45099568367004395,,,,,,
47249,98.0,,,,,,,0.27129602432250977,,,,,,
47299,98.0,,,,,,,0.2590954899787903,,,,,,
47349,98.0,,,,,,,0.3661690950393677,,,,,,
47399,98.0,,,,,,,0.25704526901245117,,,,,,
47449,98.0,,,,,,,0.25442519783973694,,,,,,
47499,98.0,,,,,,,0.18916641175746918,,,,,,
47519,98.0,,,0.0,0.0,0.0,0.0,,1.5870886272750795e-05,14.554718971252441,1.7722641229629517,2.5697829723358154,10.212671279907227,0.5577611923217773
47520,,,1.5367817468359135e-05,,,,,,,,,,,
47549,99.0,,,,,,,0.49632593989372253,,,,,,
47599,99.0,,,,,,,0.26015156507492065,,,,,,
47649,99.0,,,,,,,0.45116811990737915,,,,,,
47699,99.0,,,,,,,0.28916314244270325,,,,,,
47749,99.0,,,,,,,0.41757339239120483,,,,,,
47799,99.0,,,,,,,0.3093135356903076,,,,,,
47849,99.0,,,,,,,0.3395335376262665,,,,,,
47899,99.0,,,,,,,0.29433345794677734,,,,,,
47949,99.0,,,,,,,0.25636839866638184,,,,,,
47999,99.0,,,0.0,0.0,0.0,0.0,0.24944131076335907,1.5367817468359135e-05,14.997784614562988,1.9716438055038452,2.4590163230895996,10.567124366760254,0.5601754784584045
48000,,,1.4869848200760316e-05,,,,,,,,,,,
48049,100.0,,,,,,,0.2494693249464035,,,,,,
48099,100.0,,,,,,,0.3671734631061554,,,,,,
48149,100.0,,,,,,,0.3357352018356323,,,,,,
48199,100.0,,,,,,,0.31690743565559387,,,,,,
48249,100.0,,,,,,,0.25071367621421814,,,,,,
48299,100.0,,,,,,,0.2941294014453888,,,,,,
48349,100.0,,,,,,,0.1800486147403717,,,,,,
48399,100.0,,,,,,,0.3078988790512085,,,,,,
48449,100.0,,,,,,,0.2971838414669037,,,,,,
48479,100.0,,,0.0,0.0,0.0,0.0,,1.4869848200760316e-05,14.443952560424805,1.9937970638275146,2.281790018081665,10.168365478515625,0.5501691699028015
48480,,,1.4377233128470834e-05,,,,,,,,,,,
48499,101.0,,,,,,,0.23629233241081238,,,,,,
48549,101.0,,,,,,,0.23347319662570953,,,,,,
48599,101.0,,,,,,,0.2469550520181656,,,,,,
48649,101.0,,,,,,,0.30278313159942627,,,,,,
48699,101.0,,,,,,,0.43096253275871277,,,,,,
48749,101.0,,,,,,,0.2315821498632431,,,,,,
48799,101.0,,,,,,,0.3787318468093872,,,,,,
48849,101.0,,,,,,,0.2385099083185196,,,,,,
48899,101.0,,,,,,,0.4301885962486267,,,,,,
48949,101.0,,,,,,,0.32111454010009766,,,,,,
48959,101.0,,,0.0,0.0,0.0,0.0,,1.4377233128470834e-05,14.731945037841797,1.6614975929260254,2.791315793991089,10.279131889343262,0.5641283988952637
48960,,,1.3890217815060169e-05,,,,,,,,,,,
48999,102.0,,,,,,,0.19839581847190857,,,,,,
49049,102.0,,,,,,,0.24177806079387665,,,,,,
49099,102.0,,,,,,,0.20677855610847473,,,,,,
49149,102.0,,,,,,,0.3248753547668457,,,,,,
49199,102.0,,,,,,,0.35178303718566895,,,,,,
49249,102.0,,,,,,,0.30122554302215576,,,,,,
49299,102.0,,,,,,,0.4105185568332672,,,,,,
49349,102.0,,,,,,,0.279214084148407,,,,,,
49399,102.0,,,,,,,0.36777642369270325,,,,,,
49439,102.0,,,0.0,0.0,0.0,0.0,,1.3890217815060169e-05,14.643331527709961,1.9051839113235474,2.74700927734375,9.991138458251953,0.5622733235359192
49440,,,1.3409048733592499e-05,,,,,,,,,,,
49449,103.0,,,,,,,0.5075275897979736,,,,,,
49499,103.0,,,,,,,0.27765998244285583,,,,,,
49549,103.0,,,,,,,0.14684781432151794,,,,,,
49599,103.0,,,,,,,0.34469032287597656,,,,,,
49649,103.0,,,,,,,0.2897496819496155,,,,,,
49699,103.0,,,,,,,0.3140175938606262,,,,,,
49749,103.0,,,,,,,0.24930205941200256,,,,,,
49799,103.0,,,,,,,0.30640560388565063,,,,,,
49849,103.0,,,,,,,0.22437846660614014,,,,,,
49899,103.0,,,,,,,0.34266549348831177,,,,,,
49919,103.0,,,0.0,0.0,0.0,0.0,,1.3409048733592499e-05,15.285778045654297,1.9051839113235474,2.702702760696411,10.67789077758789,0.5712094306945801
49920,,,1.2933967809658498e-05,,,,,,,,,,,
49949,104.0,,,,,,,0.25889909267425537,,,,,,
49999,104.0,,,,,,,0.11988671123981476,,,,,,
50049,104.0,,,,,,,0.3265751302242279,,,,,,
50099,104.0,,,,,,,0.3479476273059845,,,,,,
50149,104.0,,,,,,,0.30291154980659485,,,,,,
50199,104.0,,,,,,,0.3957284092903137,,,,,,
50249,104.0,,,,,,,0.26736217737197876,,,,,,
50299,104.0,,,,,,,0.19503501057624817,,,,,,
50349,104.0,,,,,,,0.33066511154174805,,,,,,
50399,104.0,,,0.0,0.0,0.0,0.0,0.5535481572151184,1.2933967809658498e-05,15.197164535522461,1.9273371696472168,2.813469171524048,10.456357955932617,0.5658866763114929
50400,,,1.246521424036473e-05,,,,,,,,,,,
50449,105.0,,,,,,,0.32001572847366333,,,,,,
50499,105.0,,,,,,,0.3211993873119354,,,,,,
50549,105.0,,,,,,,0.29472315311431885,,,,,,
50599,105.0,,,,,,,0.3716871440410614,,,,,,
50649,105.0,,,,,,,0.25149020552635193,,,,,,
50699,105.0,,,,,,,0.33649587631225586,,,,,,
50749,105.0,,,,,,,0.305351585149765,,,,,,
50799,105.0,,,,,,,0.32424694299697876,,,,,,
50849,105.0,,,,,,,0.2830578088760376,,,,,,
50879,105.0,,,0.0,0.0,0.0,0.0,,1.246521424036473e-05,14.93132495880127,1.8830305337905884,2.74700927734375,10.301284790039062,0.5566341876983643
50880,,,1.2003023584838957e-05,,,,,,,,,,,
50899,106.0,,,,,,,0.20216508209705353,,,,,,
50949,106.0,,,,,,,0.32319408655166626,,,,,,
50999,106.0,,,,,,,0.2526536285877228,,,,,,
51049,106.0,,,,,,,0.22659814357757568,,,,,,
51099,106.0,,,,,,,0.3210502862930298,,,,,,
51149,106.0,,,,,,,0.369902640581131,,,,,,
51199,106.0,,,,,,,0.25918811559677124,,,,,,
51249,106.0,,,,,,,0.42292359471321106,,,,,,
51299,106.0,,,,,,,0.25840073823928833,,,,,,
51349,106.0,,,,,,,0.2642402648925781,,,,,,
51359,106.0,,,0.0,0.0,0.0,0.0,,1.2003023584838957e-05,15.086398124694824,1.9051839113235474,2.835622549057007,10.34559154510498,0.5711600184440613
51360,,,1.1547629583219532e-05,,,,,,,,,,,
51399,107.0,,,,,,,0.2558155953884125,,,,,,
51449,107.0,,,,,,,0.2745104432106018,,,,,,
51499,107.0,,,,,,,0.35567614436149597,,,,,,
51549,107.0,,,,,,,0.2663334310054779,,,,,,
51599,107.0,,,,,,,0.33431535959243774,,,,,,
51649,107.0,,,,,,,0.259489506483078,,,,,,
51699,107.0,,,,,,,0.4182043969631195,,,,,,
51749,107.0,,,,,,,0.3147552013397217,,,,,,
51799,107.0,,,,,,,0.4261426329612732,,,,,,
51839,107.0,,,0.0,0.0,0.0,0.0,,1.1547629583219532e-05,14.576871871948242,1.8387240171432495,2.74700927734375,9.991138458251953,0.5617022514343262
51840,,,1.1099261428171303e-05,,,,,,,,,,,
51849,108.0,,,,,,,0.37664487957954407,,,,,,
51899,108.0,,,,,,,0.2885878086090088,,,,,,
51949,108.0,,,,,,,0.29110652208328247,,,,,,
51999,108.0,,,,,,,0.42404305934906006,,,,,,
52049,108.0,,,,,,,0.16704061627388,,,,,,
52099,108.0,,,,,,,0.30797791481018066,,,,,,
52149,108.0,,,,,,,0.45215052366256714,,,,,,
52199,108.0,,,,,,,0.2891041338443756,,,,,,
52249,108.0,,,,,,,0.29425323009490967,,,,,,
52299,108.0,,,,,,,0.26005256175994873,,,,,,
52319,108.0,,,0.0,0.0,0.0,0.0,,1.1099261428171303e-05,14.37749195098877,1.5950376987457275,3.167922019958496,9.614532470703125,0.5771675109863281
52320,,,1.0658143764885608e-05,,,,,,,,,,,
52349,109.0,,,,,,,0.2797437906265259,,,,,,
52399,109.0,,,,,,,0.24283665418624878,,,,,,
52449,109.0,,,,,,,0.1589702069759369,,,,,,
52499,109.0,,,,,,,0.1637435257434845,,,,,,
52549,109.0,,,,,,,0.43194425106048584,,,,,,
52599,109.0,,,,,,,0.2658826410770416,,,,,,
52649,109.0,,,,,,,0.19772571325302124,,,,,,
52699,109.0,,,,,,,0.3393530547618866,,,,,,
52749,109.0,,,,,,,0.18921838700771332,,,,,,
52799,109.0,,,0.0,0.0,0.0,0.0,0.26314154267311096,1.0658143764885608e-05,15.175010681152344,2.0381035804748535,2.857775926589966,10.279131889343262,0.5672170519828796
52800,,,1.0224499419564381e-05,,,,,,,,,,,
52849,110.0,,,,,,,0.16782009601593018,,,,,,
52899,110.0,,,,,,,0.2706484794616699,,,,,,
52949,110.0,,,,,,,0.2547626495361328,,,,,,
52999,110.0,,,,,,,0.423199325799942,,,,,,
53049,110.0,,,,,,,0.2636454701423645,,,,,,
53099,110.0,,,,,,,0.24358013272285461,,,,,,
53149,110.0,,,,,,,0.27818477153778076,,,,,,
53199,110.0,,,,,,,0.21995273232460022,,,,,,
53249,110.0,,,,,,,0.4485629200935364,,,,,,
53279,110.0,,,0.0,0.0,0.0,0.0,,1.0224499419564381e-05,14.731945037841797,1.9273371696472168,2.6362428665161133,10.168365478515625,0.5580676794052124
53280,,,9.79854758043075e-06,,,,,,,,,,,
53299,111.0,,,,,,,0.37668317556381226,,,,,,
53349,111.0,,,,,,,0.3060184717178345,,,,,,
53399,111.0,,,,,,,0.2869856655597687,,,,,,
53449,111.0,,,,,,,0.3429822623729706,,,,,,
53499,111.0,,,,,,,0.31566041707992554,,,,,,
53549,111.0,,,,,,,0.2920866310596466,,,,,,
53599,111.0,,,,,,,0.34723755717277527,,,,,,
53649,111.0,,,,,,,0.3931993842124939,,,,,,
53699,111.0,,,,,,,0.3578401207923889,,,,,,
53749,111.0,,,,,,,0.2669631838798523,,,,,,
53759,111.0,,,0.0,0.0,0.0,0.0,,9.79854758043075e-06,14.576871871948242,1.617190957069397,2.9906957149505615,9.968985557556152,0.5606018900871277
53760,,,9.380501069244929e-06,,,,,,,,,,,
53799,112.0,,,,,,,0.27798381447792053,,,,,,
53849,112.0,,,,,,,0.20158900320529938,,,,,,
53899,112.0,,,,,,,0.30362242460250854,,,,,,
53949,112.0,,,,,,,0.15778982639312744,,,,,,
53999,112.0,,,,,,,0.33463937044143677,,,,,,
54049,112.0,,,,,,,0.2431977540254593,,,,,,
54099,112.0,,,,,,,0.17471355199813843,,,,,,
54149,112.0,,,,,,,0.3655310571193695,,,,,,
54199,112.0,,,,,,,0.18250679969787598,,,,,,
54239,112.0,,,0.0,0.0,0.0,0.0,,9.380501069244929e-06,14.643331527709961,1.8165706396102905,2.6362428665161133,10.190518379211426,0.5498473644256592
54240,,,8.970571798272431e-06,,,,,,,,,,,
54249,113.0,,,,,,,0.30475127696990967,,,,,,
54299,113.0,,,,,,,0.2699078619480133,,,,,,
54349,113.0,,,,,,,0.30281031131744385,,,,,,
54399,113.0,,,,,,,0.23109455406665802,,,,,,
54449,113.0,,,,,,,0.3437786102294922,,,,,,
54499,113.0,,,,,,,0.22625507414340973,,,,,,
54549,113.0,,,,,,,0.21388676762580872,,,,,,
54599,113.0,,,,,,,0.22216255962848663,,,,,,
54649,113.0,,,,,,,0.1738792359828949,,,,,,
54699,113.0,,,,,,,0.1940072625875473,,,,,,
54719,113.0,,,0.0,0.0,0.0,0.0,,8.970571798272431e-06,14.532565116882324,1.8387240171432495,2.702702760696411,9.991138458251953,0.5554569959640503
54720,,,8.568965313315857e-06,,,,,,,,,,,
54749,114.0,,,,,,,0.21662704646587372,,,,,,
54799,114.0,,,,,,,0.24944379925727844,,,,,,
54849,114.0,,,,,,,0.2781350612640381,,,,,,
54899,114.0,,,,,,,0.4047568142414093,,,,,,
54949,114.0,,,,,,,0.219827800989151,,,,,,
54999,114.0,,,,,,,0.37829068303108215,,,,,,
55049,114.0,,,,,,,0.4058667719364166,,,,,,
55099,114.0,,,,,,,0.3168014585971832,,,,,,
55149,114.0,,,,,,,0.2537913918495178,,,,,,
55199,114.0,,,0.0,0.0,0.0,0.0,0.18211482465267181,8.568965313315857e-06,14.178112983703613,1.9051839113235474,2.5254762172698975,9.747452735900879,0.5629851818084717
55200,,,8.175883522199001e-06,,,,,,,,,,,
55249,115.0,,,,,,,0.3399532437324524,,,,,,
55299,115.0,,,,,,,0.29007768630981445,,,,,,
55349,115.0,,,,,,,0.21798621118068695,,,,,,
55399,115.0,,,,,,,0.29443779587745667,,,,,,
55449,115.0,,,,,,,0.39356040954589844,,,,,,
55499,115.0,,,,,,,0.23949679732322693,,,,,,
55549,115.0,,,,,,,0.3003814220428467,,,,,,
55599,115.0,,,,,,,0.400197833776474,,,,,,
55649,115.0,,,,,,,0.2959999740123749,,,,,,
55679,115.0,,,0.0,0.0,0.0,0.0,,8.175883522199001e-06,14.04519271850586,1.6614975929260254,2.348249912261963,10.035445213317871,0.5560201406478882
55680,,,7.791525604261551e-06,,,,,,,,,,,
55699,116.0,,,,,,,0.2286778688430786,,,,,,
55749,116.0,,,,,,,0.4625589847564697,,,,,,
55799,116.0,,,,,,,0.22944095730781555,,,,,,
55849,116.0,,,,,,,0.26796674728393555,,,,,,
55899,116.0,,,,,,,0.25839701294898987,,,,,,
55949,116.0,,,,,,,0.2511653006076813,,,,,,
55999,116.0,,,,,,,0.2730870246887207,,,,,,
56049,116.0,,,,,,,0.193135604262352,,,,,,
56099,116.0,,,,,,,0.24840740859508514,,,,,,
56149,116.0,,,,,,,0.30988311767578125,,,,,,
56159,116.0,,,0.0,0.0,0.0,0.0,,7.791525604261551e-06,14.709792137145996,1.9494904279708862,2.74700927734375,10.01329231262207,0.5671777725219727
56160,,,7.416084372380283e-06,,,,,,,,,,,
56199,117.0,,,,,,,0.24909445643424988,,,,,,
56249,117.0,,,,,,,0.22958123683929443,,,,,,
56299,117.0,,,,,,,0.2599521577358246,,,,,,
56349,117.0,,,,,,,0.14594262838363647,,,,,,
56399,117.0,,,,,,,0.17270991206169128,,,,,,
56449,117.0,,,,,,,0.23444050550460815,,,,,,
56499,117.0,,,,,,,0.2443195879459381,,,,,,
56549,117.0,,,,,,,0.8165896534919739,,,,,,
56599,117.0,,,,,,,0.22514738142490387,,,,,,
56639,117.0,,,0.0,0.0,0.0,0.0,,7.416084372380283e-06,14.576871871948242,1.8165706396102905,2.4368631839752197,10.32343864440918,0.5586526393890381
56640,,,7.049749001453165e-06,,,,,,,,,,,
56649,118.0,,,,,,,0.20534925162792206,,,,,,
56699,118.0,,,,,,,0.2508936822414398,,,,,,
56749,118.0,,,,,,,0.20929007232189178,,,,,,
56799,118.0,,,,,,,0.2953464388847351,,,,,,
56849,118.0,,,,,,,0.332547128200531,,,,,,
56899,118.0,,,,,,,0.17958560585975647,,,,,,
56949,118.0,,,,,,,0.26128658652305603,,,,,,
56999,118.0,,,,,,,0.1912420243024826,,,,,,
57049,118.0,,,,,,,0.28137993812561035,,,,,,
57099,118.0,,,,,,,0.22707833349704742,,,,,,
57119,118.0,,,0.0,0.0,0.0,0.0,,7.049749001453165e-06,14.355339050292969,1.8165706396102905,2.724855899810791,9.813912391662598,0.5583045482635498
57120,,,6.692703664157307e-06,,,,,,,,,,,
57149,119.0,,,,,,,0.3544040024280548,,,,,,
57199,119.0,,,,,,,0.21450556814670563,,,,,,
57249,119.0,,,,,,,0.2561783492565155,,,,,,
57299,119.0,,,,,,,0.3382086157798767,,,,,,
57349,119.0,,,,,,,0.18529784679412842,,,,,,
57399,119.0,,,,,,,0.28627294301986694,,,,,,
57449,119.0,,,,,,,0.20365452766418457,,,,,,
57499,119.0,,,,,,,0.2865123748779297,,,,,,
57549,119.0,,,,,,,0.20817480981349945,,,,,,
57599,119.0,,,0.0,0.0,0.0,0.0,0.5011205077171326,6.692703664157307e-06,14.244572639465332,1.8387240171432495,2.5476295948028564,9.858219146728516,0.5586872100830078
57600,,,6.34512889519101e-06,,,,,,,,,,,
57649,120.0,,,,,,,0.25499868392944336,,,,,,
57699,120.0,,,,,,,0.21115870773792267,,,,,,
57749,120.0,,,,,,,0.1722671389579773,,,,,,
57799,120.0,,,,,,,0.245025634765625,,,,,,
57849,120.0,,,,,,,0.200116366147995,,,,,,
57899,120.0,,,,,,,0.3338431119918823,,,,,,
57949,120.0,,,,,,,0.3740314245223999,,,,,,
57999,120.0,,,,,,,0.3323493003845215,,,,,,
58049,120.0,,,,,,,0.17074759304523468,,,,,,
58079,120.0,,,0.0,0.0,0.0,0.0,,6.34512889519101e-06,14.28887939453125,1.7722641229629517,2.724855899810791,9.79175853729248,0.5619872212409973
58080,,,6.0071984080423135e-06,,,,,,,,,,,
58099,121.0,,,,,,,0.391193687915802,,,,,,
58149,121.0,,,,,,,0.21103845536708832,,,,,,
58199,121.0,,,,,,,0.28628256916999817,,,,,,
58249,121.0,,,,,,,0.16085782647132874,,,,,,
58299,121.0,,,,,,,0.21524345874786377,,,,,,
58349,121.0,,,,,,,0.3212108314037323,,,,,,
58399,121.0,,,,,,,0.18345391750335693,,,,,,
58449,121.0,,,,,,,0.2326653003692627,,,,,,
58499,121.0,,,,,,,0.15854290127754211,,,,,,
58549,121.0,,,,,,,0.3000333309173584,,,,,,
58559,121.0,,,0.0,0.0,0.0,0.0,,6.0071984080423135e-06,14.222418785095215,1.5728843212127686,2.9906957149505615,9.658839225769043,0.5632836818695068
58560,,,5.679083642462501e-06,,,,,,,,,,,
58599,122.0,,,,,,,0.27237772941589355,,,,,,
58649,122.0,,,,,,,0.28416553139686584,,,,,,
58699,122.0,,,,,,,0.3200821876525879,,,,,,
58749,122.0,,,,,,,0.26648980379104614,,,,,,
58799,122.0,,,,,,,0.27456527948379517,,,,,,
58849,122.0,,,,,,,0.23854252696037292,,,,,,
58899,122.0,,,,,,,0.3555058538913727,,,,,,
58949,122.0,,,,,,,0.303849995136261,,,,,,
58999,122.0,,,,,,,0.13568614423274994,,,,,,
59039,122.0,,,0.0,0.0,0.0,0.0,,5.679083642462501e-06,14.222418785095215,1.8165706396102905,2.6362428665161133,9.76960563659668,0.5665155053138733
59040,,,5.360949216992594e-06,,,,,,,,,,,
59049,123.0,,,,,,,0.10722693800926208,,,,,,
59099,123.0,,,,,,,0.4636838138103485,,,,,,
59149,123.0,,,,,,,0.2019127607345581,,,,,,
59199,123.0,,,,,,,0.20755816996097565,,,,,,
59249,123.0,,,,,,,0.220971941947937,,,,,,
59299,123.0,,,,,,,0.3140854835510254,,,,,,
59349,123.0,,,,,,,0.19536744058132172,,,,,,
59399,123.0,,,,,,,0.14429718255996704,,,,,,
59449,123.0,,,,,,,0.25240358710289,,,,,,
59499,123.0,,,,,,,0.2853235602378845,,,,,,
59519,123.0,,,0.0,0.0,0.0,0.0,,5.360949216992594e-06,14.04519271850586,1.794417381286621,2.5254762172698975,9.725298881530762,0.5604856014251709
59520,,,5.0529552027001046e-06,,,,,,,,,,,
59549,124.0,,,,,,,0.14721524715423584,,,,,,
59599,124.0,,,,,,,0.2000110149383545,,,,,,
59649,124.0,,,,,,,0.3539089560508728,,,,,,
59699,124.0,,,,,,,0.1976473331451416,,,,,,
59749,124.0,,,,,,,0.19959647953510284,,,,,,
59799,124.0,,,,,,,0.4003884196281433,,,,,,
59849,124.0,,,,,,,0.25099456310272217,,,,,,
59899,124.0,,,,,,,0.30829918384552,,,,,,
59949,124.0,,,,,,,0.44185638427734375,,,,,,
59999,124.0,,,0.0,0.0,0.0,0.0,0.12105923146009445,5.0529552027001046e-06,14.399645805358887,1.617190957069397,2.3925564289093018,10.389898300170898,0.563782811164856
60000,,,4.755257123179035e-06,,,,,,,,,,,
60049,125.0,,,,,,,0.3534315228462219,,,,,,
60099,125.0,,,,,,,0.23193727433681488,,,,,,
60149,125.0,,,,,,,0.27663934230804443,,,,,,
60199,125.0,,,,,,,0.2635907232761383,,,,,,
60249,125.0,,,,,,,0.22904318571090698,,,,,,
60299,125.0,,,,,,,0.10330541431903839,,,,,,
60349,125.0,,,,,,,0.23122668266296387,,,,,,
60399,125.0,,,,,,,0.20805777609348297,,,,,,
60449,125.0,,,,,,,0.18506628274917603,,,,,,
60479,125.0,,,0.0,0.0,0.0,0.0,,4.755257123179035e-06,14.023039817810059,1.617190957069397,2.303943395614624,10.10190486907959,0.5594037771224976
60480,,,4.468004590307828e-06,,,,,,,,,,,
60499,126.0,,,,,,,0.19841653108596802,,,,,,
60549,126.0,,,,,,,0.30886974930763245,,,,,,
60599,126.0,,,,,,,0.24348926544189453,,,,,,
60649,126.0,,,,,,,0.272685706615448,,,,,,
60699,126.0,,,,,,,0.16761526465415955,,,,,,
60749,126.0,,,,,,,0.4959041178226471,,,,,,
60799,126.0,,,,,,,0.23014451563358307,,,,,,
60849,126.0,,,,,,,0.3302343487739563,,,,,,
60899,126.0,,,,,,,0.1526304930448532,,,,,,
60949,126.0,,,,,,,0.25184354186058044,,,,,,
60959,126.0,,,0.0,0.0,0.0,0.0,,4.468004590307828e-06,14.37749195098877,1.6393442153930664,2.658396005630493,10.079751968383789,0.5690934658050537
60960,,,4.191342213744065e-06,,,,,,,,,,,
60999,127.0,,,,,,,0.45931586623191833,,,,,,
61049,127.0,,,,,,,0.2539728879928589,,,,,,
61099,127.0,,,,,,,0.24935811758041382,,,,,,
61149,127.0,,,,,,,0.18639928102493286,,,,,,
61199,127.0,,,,,,,0.18041138350963593,,,,,,
61249,127.0,,,,,,,0.18706831336021423,,,,,,
61299,127.0,,,,,,,0.19589810073375702,,,,,,
61349,127.0,,,,,,,0.37073639035224915,,,,,,
61399,127.0,,,,,,,0.2933136224746704,,,,,,
61439,127.0,,,0.0,0.0,0.0,0.0,,4.191342213744065e-06,14.488258361816406,1.5950376987457275,2.680549383163452,10.212671279907227,0.5709407925605774
61440,,,3.925409600924468e-06,,,,,,,,,,,
61449,128.0,,,,,,,0.2642914652824402,,,,,,
61499,128.0,,,,,,,0.15114887058734894,,,,,,
61549,128.0,,,,,,,0.1700430065393448,,,,,,
61599,128.0,,,,,,,0.28879883885383606,,,,,,
61649,128.0,,,,,,,0.19689929485321045,,,,,,
61699,128.0,,,,,,,0.27344411611557007,,,,,,
61749,128.0,,,,,,,0.2268974781036377,,,,,,
61799,128.0,,,,,,,0.262710303068161,,,,,,
61849,128.0,,,,,,,0.23527896404266357,,,,,,
61899,128.0,,,,,,,0.33375751972198486,,,,,,
61919,128.0,,,0.0,0.0,0.0,0.0,,3.925409600924468e-06,14.510412216186523,1.7058041095733643,2.5033230781555176,10.301284790039062,0.5708439350128174
61920,,,3.670340220196522e-06,,,,,,,,,,,
61949,129.0,,,,,,,0.16197244822978973,,,,,,
61999,129.0,,,,,,,0.2458699494600296,,,,,,
62049,129.0,,,,,,,0.269557923078537,,,,,,
62099,129.0,,,,,,,0.23997178673744202,,,,,,
62149,129.0,,,,,,,0.2132893204689026,,,,,,
62199,129.0,,,,,,,0.23721984028816223,,,,,,
62249,129.0,,,,,,,0.5834800601005554,,,,,,
62299,129.0,,,,,,,0.22251030802726746,,,,,,
62349,129.0,,,,,,,0.31775450706481934,,,,,,
62399,129.0,,,0.0,0.0,0.0,0.0,0.27835971117019653,3.670340220196522e-06,14.023039817810059,1.6614975929260254,2.6362428665161133,9.725298881530762,0.5552623867988586
62400,,,3.426262765060528e-06,,,,,,,,,,,
62449,130.0,,,,,,,0.41843897104263306,,,,,,
62499,130.0,,,,,,,0.1523330807685852,,,,,,
62549,130.0,,,,,,,0.3513006567955017,,,,,,
62599,130.0,,,,,,,0.3616207242012024,,,,,,
62649,130.0,,,,,,,0.2636140286922455,,,,,,
62699,130.0,,,,,,,0.3465571403503418,,,,,,
62749,130.0,,,,,,,0.16383039951324463,,,,,,
62799,130.0,,,,,,,0.23648586869239807,,,,,,
62849,130.0,,,,,,,0.3021564483642578,,,,,,
62879,130.0,,,0.0,0.0,0.0,0.0,,3.426262765060528e-06,14.31103229522705,1.8165706396102905,2.724855899810791,9.76960563659668,0.5618899464607239
62880,,,3.193300017301226e-06,,,,,,,,,,,
62899,131.0,,,,,,,0.16000863909721375,,,,,,
62949,131.0,,,,,,,0.3701733350753784,,,,,,
62999,131.0,,,,,,,0.2333744466304779,,,,,,
63049,131.0,,,,,,,0.1273997277021408,,,,,,
63099,131.0,,,,,,,0.15886038541793823,,,,,,
63149,131.0,,,,,,,0.3583862781524658,,,,,,
63199,131.0,,,,,,,0.25166231393814087,,,,,,
63249,131.0,,,,,,,0.14494630694389343,,,,,,
63299,131.0,,,,,,,0.25357967615127563,,,,,,
63349,131.0,,,,,,,0.2673157751560211,,,,,,
63359,131.0,,,0.0,0.0,0.0,0.0,,3.193300017301226e-06,14.443952560424805,1.7058041095733643,2.791315793991089,9.946831703186035,0.560667872428894
63360,,,2.9715695291088196e-06,,,,,,,,,,,
63399,132.0,,,,,,,0.18718650937080383,,,,,,
63449,132.0,,,,,,,0.48092445731163025,,,,,,
63499,132.0,,,,,,,0.2982684373855591,,,,,,
63549,132.0,,,,,,,0.33086052536964417,,,,,,
63599,132.0,,,,,,,0.17746053636074066,,,,,,
63649,132.0,,,,,,,0.29229122400283813,,,,,,
63699,132.0,,,,,,,0.2941592037677765,,,,,,
63749,132.0,,,,,,,0.26240235567092896,,,,,,
63799,132.0,,,,,,,0.20876258611679077,,,,,,
63839,132.0,,,0.0,0.0,0.0,0.0,,2.9715695291088196e-06,14.576871871948242,1.7279574871063232,2.74700927734375,10.10190486907959,0.5678289532661438
63840,,,2.761182713584276e-06,,,,,,,,,,,
63849,133.0,,,,,,,0.25850725173950195,,,,,,
63899,133.0,,,,,,,0.25504517555236816,,,,,,
63949,133.0,,,,,,,0.19775991141796112,,,,,,
63999,133.0,,,,,,,0.20000682771205902,,,,,,
64049,133.0,,,,,,,0.20254214107990265,,,,,,
64099,133.0,,,,,,,0.07113755494356155,,,,,,
64149,133.0,,,,,,,0.3847924470901489,,,,,,
64199,133.0,,,,,,,0.20416384935379028,,,,,,
64249,133.0,,,,,,,0.18002790212631226,,,,,,
64299,133.0,,,,,,,0.16458551585674286,,,,,,
64319,133.0,,,0.0,0.0,0.0,0.0,,2.761182713584276e-06,14.443952560424805,1.7501107454299927,2.769162654876709,9.924678802490234,0.567361056804657
64320,,,2.562245754234027e-06,,,,,,,,,,,
64349,134.0,,,,,,,0.27551987767219543,,,,,,
64399,134.0,,,,,,,0.29448023438453674,,,,,,
64449,134.0,,,,,,,0.32022157311439514,,,,,,
64499,134.0,,,,,,,0.1845303177833557,,,,,,
64549,134.0,,,,,,,0.21870893239974976,,,,,,
64599,134.0,,,,,,,0.5377894043922424,,,,,,
64649,134.0,,,,,,,0.2102394998073578,,,,,,
64699,134.0,,,,,,,0.20076608657836914,,,,,,
64749,134.0,,,,,,,0.2965152859687805,,,,,,
64799,134.0,,,0.0,0.0,0.0,0.0,0.36285901069641113,2.562245754234027e-06,14.31103229522705,1.7058041095733643,2.5697829723358154,10.035445213317871,0.5638468265533447
64800,,,2.3748584681015927e-06,,,,,,,,,,,
64849,135.0,,,,,,,0.15589521825313568,,,,,,
64899,135.0,,,,,,,0.3048222064971924,,,,,,
64949,135.0,,,,,,,0.14955316483974457,,,,,,
64999,135.0,,,,,,,0.2714025676250458,,,,,,
65049,135.0,,,,,,,0.252311110496521,,,,,,
65099,135.0,,,,,,,0.29046857357025146,,,,,,
65149,135.0,,,,,,,0.23508308827877045,,,,,,
65199,135.0,,,,,,,0.2741227447986603,,,,,,
65249,135.0,,,,,,,0.25587499141693115,,,,,,
65279,135.0,,,0.0,0.0,0.0,0.0,,2.3748584681015927e-06,14.59902572631836,1.6836508512496948,2.74700927734375,10.168365478515625,0.5708279013633728
65280,,,2.199115442635957e-06,,,,,,,,,,,
65299,136.0,,,,,,,0.4558640122413635,,,,,,
65349,136.0,,,,,,,0.282745361328125,,,,,,
65399,136.0,,,,,,,0.28249943256378174,,,,,,
65449,136.0,,,,,,,0.28160542249679565,,,,,,
65499,136.0,,,,,,,0.182413250207901,,,,,,
65549,136.0,,,,,,,0.2441093921661377,,,,,,
65599,136.0,,,,,,,0.17731671035289764,,,,,,
65649,136.0,,,,,,,0.29932865500450134,,,,,,
65699,136.0,,,,,,,0.20314088463783264,,,,,,
65749,136.0,,,,,,,0.26215988397598267,,,,,,
65759,136.0,,,0.0,0.0,0.0,0.0,,2.199115442635957e-06,14.178112983703613,1.5950376987457275,2.680549383163452,9.902525901794434,0.5636467933654785
65760,,,2.0351048988231923e-06,,,,,,,,,,,
65799,137.0,,,,,,,0.1798206865787506,,,,,,
65849,137.0,,,,,,,0.3235536515712738,,,,,,
65899,137.0,,,,,,,0.2971399128437042,,,,,,
65949,137.0,,,,,,,0.28475460410118103,,,,,,
65999,137.0,,,,,,,0.29334500432014465,,,,,,
66049,137.0,,,,,,,0.27344539761543274,,,,,,
66099,137.0,,,,,,,0.1540781408548355,,,,,,
66149,137.0,,,,,,,0.18851083517074585,,,,,,
66199,137.0,,,,,,,0.18758848309516907,,,,,,
66239,137.0,,,0.0,0.0,0.0,0.0,,2.0351048988231923e-06,14.31103229522705,1.6393442153930664,2.6140894889831543,10.057598114013672,0.5648481249809265
66240,,,1.8829099417416728e-06,,,,,,,,,,,
66249,138.0,,,,,,,0.29827019572257996,,,,,,
66299,138.0,,,,,,,0.268990695476532,,,,,,
66349,138.0,,,,,,,0.3390877842903137,,,,,,
66399,138.0,,,,,,,0.2863776683807373,,,,,,
66449,138.0,,,,,,,0.25330209732055664,,,,,,
66499,138.0,,,,,,,0.24995878338813782,,,,,,
66549,138.0,,,,,,,0.32582956552505493,,,,,,
66599,138.0,,,,,,,0.19101789593696594,,,,,,
66649,138.0,,,,,,,0.1509726345539093,,,,,,
66699,138.0,,,,,,,0.2638480067253113,,,,,,
66719,138.0,,,0.0,0.0,0.0,0.0,,1.8829099417416728e-06,14.37749195098877,1.7058041095733643,2.658396005630493,10.01329231262207,0.5749417543411255
66720,,,1.742606741572672e-06,,,,,,,,,,,
66749,139.0,,,,,,,0.3273441791534424,,,,,,
66799,139.0,,,,,,,0.20106253027915955,,,,,,
66849,139.0,,,,,,,0.26727885007858276,,,,,,
66899,139.0,,,,,,,0.22758424282073975,,,,,,
66949,139.0,,,,,,,0.27143394947052,,,,,,
66999,139.0,,,,,,,0.27405840158462524,,,,,,
67049,139.0,,,,,,,0.39495331048965454,,,,,,
67099,139.0,,,,,,,0.16203880310058594,,,,,,
67149,139.0,,,,,,,0.3176899254322052,,,,,,
67199,139.0,,,0.0,0.0,0.0,0.0,0.3055669665336609,1.742606741572672e-06,14.665485382080078,1.9051839113235474,2.6140894889831543,10.146211624145508,0.5648021697998047
67200,,,1.6142661252160906e-06,,,,,,,,,,,
67249,140.0,,,,,,,0.2495814710855484,,,,,,
67299,140.0,,,,,,,0.2169240415096283,,,,,,
67349,140.0,,,,,,,0.17757318913936615,,,,,,
67399,140.0,,,,,,,0.2959383726119995,,,,,,
67449,140.0,,,,,,,0.26879942417144775,,,,,,
67499,140.0,,,,,,,0.24197864532470703,,,,,,
67549,140.0,,,,,,,0.29808276891708374,,,,,,
67599,140.0,,,,,,,0.3572123050689697,,,,,,
67649,140.0,,,,,,,0.2468017041683197,,,,,,
67679,140.0,,,0.0,0.0,0.0,0.0,,1.6142661252160906e-06,14.399645805358887,1.8165706396102905,2.74700927734375,9.836065292358398,0.5706562399864197
67680,,,1.497952780482592e-06,,,,,,,,,,,
67699,141.0,,,,,,,0.21398043632507324,,,,,,
67749,141.0,,,,,,,0.1983308494091034,,,,,,
67799,141.0,,,,,,,0.25507140159606934,,,,,,
67849,141.0,,,,,,,0.26403364539146423,,,,,,
67899,141.0,,,,,,,0.16029587388038635,,,,,,
67949,141.0,,,,,,,0.23572403192520142,,,,,,
67999,141.0,,,,,,,0.18702653050422668,,,,,,
68049,141.0,,,,,,,0.14455120265483856,,,,,,
68099,141.0,,,,,,,0.41899165511131287,,,,,,
68149,141.0,,,,,,,0.19663500785827637,,,,,,
68159,141.0,,,0.0,0.0,0.0,0.0,,1.497952780482592e-06,14.111652374267578,1.6614975929260254,2.5919361114501953,9.858219146728516,0.56277996301651
68160,,,1.3937250287199276e-06,,,,,,,,,,,
68199,142.0,,,,,,,0.24380332231521606,,,,,,
68249,142.0,,,,,,,0.36619412899017334,,,,,,
68299,142.0,,,,,,,0.19273032248020172,,,,,,
68349,142.0,,,,,,,0.1551537960767746,,,,,,
68399,142.0,,,,,,,0.19104011356830597,,,,,,
68449,142.0,,,,,,,0.2566542625427246,,,,,,
68499,142.0,,,,,,,0.1237800270318985,,,,,,
68549,142.0,,,,,,,0.2715598940849304,,,,,,
68599,142.0,,,,,,,0.23513637483119965,,,,,,
68639,142.0,,,0.0,0.0,0.0,0.0,,1.3937250287199276e-06,14.37749195098877,1.7501107454299927,2.680549383163452,9.946831703186035,0.5660203099250793
68640,,,1.3016356206208002e-06,,,,,,,,,,,
68649,143.0,,,,,,,0.22569876909255981,,,,,,
68699,143.0,,,,,,,0.2396758794784546,,,,,,
68749,143.0,,,,,,,0.32545968890190125,,,,,,
68799,143.0,,,,,,,0.2497045397758484,,,,,,
68849,143.0,,,,,,,0.23986315727233887,,,,,,
68899,143.0,,,,,,,0.12140361964702606,,,,,,
68949,143.0,,,,,,,0.30787861347198486,,,,,,
68999,143.0,,,,,,,0.16728413105010986,,,,,,
69049,143.0,,,,,,,0.2498149424791336,,,,,,
69099,143.0,,,,,,,0.23328328132629395,,,,,,
69119,143.0,,,0.0,0.0,0.0,0.0,,1.3016356206208002e-06,14.222418785095215,1.5507310628890991,2.5697829723358154,10.10190486907959,0.5588694214820862
69120,,,1.2217308267281624e-06,,,,,,,,,,,
69149,144.0,,,,,,,0.16305264830589294,,,,,,
69199,144.0,,,,,,,0.48249468207359314,,,,,,
69249,144.0,,,,,,,0.2777019739151001,,,,,,
69299,144.0,,,,,,,0.08021922409534454,,,,,,
69349,144.0,,,,,,,0.13716182112693787,,,,,,
69399,144.0,,,,,,,0.2979068160057068,,,,,,
69449,144.0,,,,,,,0.20644831657409668,,,,,,
69499,144.0,,,,,,,0.5262855291366577,,,,,,
69549,144.0,,,,,,,0.22005069255828857,,,,,,
69599,144.0,,,0.0,0.0,0.0,0.0,0.2297627180814743,1.2217308267281624e-06,14.37749195098877,1.8387240171432495,2.5697829723358154,9.968985557556152,0.5662787556648254
69600,,,1.1540508921825676e-06,,,,,,,,,,,
69649,145.0,,,,,,,0.1446855664253235,,,,,,
69699,145.0,,,,,,,0.21855846047401428,,,,,,
69749,145.0,,,,,,,0.24887502193450928,,,,,,
69799,145.0,,,,,,,0.2994071841239929,,,,,,
69849,145.0,,,,,,,0.1686783730983734,,,,,,
69899,145.0,,,,,,,0.10557401180267334,,,,,,
69949,145.0,,,,,,,0.3033413887023926,,,,,,
69999,145.0,,,,,,,0.3181775212287903,,,,,,
70049,145.0,,,,,,,0.16420477628707886,,,,,,
70079,145.0,,,0.0,0.0,0.0,0.0,,1.1540508921825676e-06,14.532565116882324,1.7501107454299927,2.658396005630493,10.124058723449707,0.5676695108413696
70080,,,1.0986298093484947e-06,,,,,,,,,,,
70099,146.0,,,,,,,0.2035423070192337,,,,,,
70149,146.0,,,,,,,0.22652091085910797,,,,,,
70199,146.0,,,,,,,0.09786754101514816,,,,,,
70249,146.0,,,,,,,0.1465892791748047,,,,,,
70299,146.0,,,,,,,0.2478885054588318,,,,,,
70349,146.0,,,,,,,0.22523580491542816,,,,,,
70399,146.0,,,,,,,0.27365782856941223,,,,,,
70449,146.0,,,,,,,0.2053641676902771,,,,,,
70499,146.0,,,,,,,0.16272388398647308,,,,,,
70549,146.0,,,,,,,0.2457064539194107,,,,,,
70559,146.0,,,0.0,0.0,0.0,0.0,,1.0986298093484947e-06,14.111652374267578,1.7722641229629517,2.4590163230895996,9.880372047424316,0.5631852746009827
70560,,,1.0554955451880232e-06,,,,,,,,,,,
70599,147.0,,,,,,,0.3076130449771881,,,,,,
70649,147.0,,,,,,,0.21532829105854034,,,,,,
70699,147.0,,,,,,,0.2283230870962143,,,,,,
70749,147.0,,,,,,,0.2613721489906311,,,,,,
70799,147.0,,,,,,,0.2500753700733185,,,,,,
70849,147.0,,,,,,,0.14450478553771973,,,,,,
70899,147.0,,,,,,,0.2113204151391983,,,,,,
70949,147.0,,,,,,,0.14866375923156738,,,,,,
70999,147.0,,,,,,,0.1366526186466217,,,,,,
71039,147.0,,,0.0,0.0,0.0,0.0,,1.0554955451880232e-06,14.000885963439941,1.7279574871063232,2.5033230781555176,9.76960563659668,0.5583517551422119
71040,,,1.024669813887158e-06,,,,,,,,,,,
71049,148.0,,,,,,,0.20247694849967957,,,,,,
71099,148.0,,,,,,,0.1657666563987732,,,,,,
71149,148.0,,,,,,,0.12141939997673035,,,,,,
71199,148.0,,,,,,,0.21241754293441772,,,,,,
71249,148.0,,,,,,,0.19057238101959229,,,,,,
71299,148.0,,,,,,,0.15538263320922852,,,,,,
71349,148.0,,,,,,,0.24692301452159882,,,,,,
71399,148.0,,,,,,,0.23280467092990875,,,,,,
71449,148.0,,,,,,,0.24394665658473969,,,,,,
71499,148.0,,,,,,,0.2887333929538727,,,,,,
71519,148.0,,,0.0,0.0,0.0,0.0,,1.024669813887158e-06,14.133806228637695,1.6836508512496948,2.5254762172698975,9.924678802490234,0.5593008399009705
71520,,,1.0061681905426667e-06,,,,,,,,,,,
71549,149.0,,,,,,,0.09952354431152344,,,,,,
71599,149.0,,,,,,,0.2642914056777954,,,,,,
71649,149.0,,,,,,,0.18833690881729126,,,,,,
71699,149.0,,,,,,,0.17262127995491028,,,,,,
71749,149.0,,,,,,,0.3459165096282959,,,,,,
71799,149.0,,,,,,,0.2592911720275879,,,,,,
71849,149.0,,,,,,,0.32270193099975586,,,,,,
71899,149.0,,,,,,,0.16974952816963196,,,,,,
71949,149.0,,,,,,,0.17224015295505524,,,,,,
71999,149.0,,,0.0,0.0,0.0,0.0,0.2722850441932678,1.0061681905426667e-06,14.37749195098877,1.7058041095733643,2.769162654876709,9.902525901794434,0.5579013824462891
72000,150.0,,,,,,,,,14.000885963439941,1.7279574871063232,2.5033230781555176,9.76960563659668,0.5583517551422119
