step,epoch,hp_metric,lr-Adam,test/CER,test/DER,test/IER,test/SER,test/loss,train/CER,train/DER,train/IER,train/SER,train/loss,train/lr,val/CER,val/DER,val/IER,val/SER,val/loss
0,,-1.0,4.999999873689376e-05,,,,,,,,,,,,,,,,
49,0.0,,,,,,,,,,,,58.36601257324219,,,,,,
99,0.0,,,,,,,,,,,,4.080636024475098,,,,,,
149,0.0,,,,,,,,,,,,3.1931567192077637,,,,,,
199,0.0,,,,,,,,,,,,3.282327175140381,,,,,,
249,0.0,,,,,,,,,,,,3.283527135848999,,,,,,
299,0.0,,,,,,,,,,,,3.4187209606170654,,,,,,
349,0.0,,,,,,,,,,,,3.5713186264038086,,,,,,
399,0.0,,,,,,,,,,,,3.2292068004608154,,,,,,
449,0.0,,,,,,,,,,,,3.2321786880493164,,,,,,
479,0.0,,,,,,,,0.0,0.0,0.0,0.0,,4.999999873689376e-05,100.0,0.0,100.0,0.0,3.2454166412353516
480,,,4.9994625442195684e-05,,,,,,,,,,,,,,,,
499,1.0,,,,,,,,,,,,3.2566111087799072,,,,,,
549,1.0,,,,,,,,,,,,3.170126438140869,,,,,,
599,1.0,,,,,,,,,,,,3.200200080871582,,,,,,
649,1.0,,,,,,,,,,,,3.215993881225586,,,,,,
699,1.0,,,,,,,,,,,,3.236553907394409,,,,,,
749,1.0,,,,,,,,,,,,3.147360324859619,,,,,,
799,1.0,,,,,,,,,,,,3.202272653579712,,,,,,
849,1.0,,,,,,,,,,,,3.041426420211792,,,,,,
899,1.0,,,,,,,,,,,,3.2099781036376953,,,,,,
949,1.0,,,,,,,,,,,,3.1453871726989746,,,,,,
959,1.0,,,,,,,,0.0,0.0,0.0,0.0,,4.9994625442195684e-05,100.0,0.0,100.0,0.0,3.05912184715271
960,,,4.997850919608027e-05,,,,,,,,,,,,,,,,
999,2.0,,,,,,,,,,,,3.1615593433380127,,,,,,
1049,2.0,,,,,,,,,,,,3.3094639778137207,,,,,,
1099,2.0,,,,,,,,,,,,3.08803391456604,,,,,,
1149,2.0,,,,,,,,,,,,3.0441694259643555,,,,,,
1199,2.0,,,,,,,,,,,,3.007594108581543,,,,,,
1249,2.0,,,,,,,,,,,,3.016138792037964,,,,,,
1299,2.0,,,,,,,,,,,,2.9651002883911133,,,,,,
1349,2.0,,,,,,,,,,,,2.8963143825531006,,,,,,
1399,2.0,,,,,,,,,,,,3.084010124206543,,,,,,
1439,2.0,,,,,,,,0.0,0.0,0.0,0.0,,4.997850919608027e-05,100.0,0.0,100.0,0.0,2.8833370208740234
1440,,,4.9951653636526316e-05,,,,,,,,,,,,,,,,
1449,3.0,,,,,,,,,,,,2.9212756156921387,,,,,,
1499,3.0,,,,,,,,,,,,2.851067066192627,,,,,,
1549,3.0,,,,,,,,,,,,2.99872088432312,,,,,,
1599,3.0,,,,,,,,,,,,2.8078248500823975,,,,,,
1649,3.0,,,,,,,,,,,,2.85357666015625,,,,,,
1699,3.0,,,,,,,,,,,,2.7853355407714844,,,,,,
1749,3.0,,,,,,,,,,,,2.9387705326080322,,,,,,
1799,3.0,,,,,,,,,,,,2.8933663368225098,,,,,,
1849,3.0,,,,,,,,,,,,2.6971218585968018,,,,,,
1899,3.0,,,,,,,,,,,,2.8290936946868896,,,,,,
1919,3.0,,,,,,,,0.0,0.0,0.0,0.0,,4.9951653636526316e-05,100.0,0.0,100.0,0.0,2.665466547012329
1920,,,4.991407331544906e-05,,,,,,,,,,,,,,,,
1949,4.0,,,,,,,,,,,,2.8356964588165283,,,,,,
1999,4.0,,,,,,,,,,,,2.71502685546875,,,,,,
2049,4.0,,,,,,,,,,,,2.698948383331299,,,,,,
2099,4.0,,,,,,,,,,,,2.751474618911743,,,,,,
2149,4.0,,,,,,,,,,,,2.712949752807617,,,,,,
2199,4.0,,,,,,,,,,,,2.6439709663391113,,,,,,
2249,4.0,,,,,,,,,,,,2.358778953552246,,,,,,
2299,4.0,,,,,,,,,,,,2.590421676635742,,,,,,
2349,4.0,,,,,,,,,,,,2.6066651344299316,,,,,,
2399,4.0,,,,,,,,0.0,0.0,0.0,0.0,2.4498772621154785,4.991407331544906e-05,100.0,0.0,100.0,0.0,2.419147491455078
2400,,,4.986578642274253e-05,,,,,,,,,,,,,,,,
2449,5.0,,,,,,,,,,,,2.43626070022583,,,,,,
2499,5.0,,,,,,,,,,,,2.480264186859131,,,,,,
2549,5.0,,,,,,,,,,,,2.317882537841797,,,,,,
2599,5.0,,,,,,,,,,,,2.534489870071411,,,,,,
2649,5.0,,,,,,,,,,,,2.352219820022583,,,,,,
2699,5.0,,,,,,,,,,,,2.3871216773986816,,,,,,
2749,5.0,,,,,,,,,,,,2.349747657775879,,,,,,
2799,5.0,,,,,,,,,,,,2.4388844966888428,,,,,,
2849,5.0,,,,,,,,,,,,2.3533968925476074,,,,,,
2879,5.0,,,,,,,,0.0,0.0,0.0,0.0,,4.986578642274253e-05,100.0,0.0,100.0,0.0,2.180605411529541
2880,,,4.980681114830077e-05,,,,,,,,,,,,,,,,
2899,6.0,,,,,,,,,,,,2.3422493934631348,,,,,,
2949,6.0,,,,,,,,,,,,2.4344899654388428,,,,,,
2999,6.0,,,,,,,,,,,,2.295492172241211,,,,,,
3049,6.0,,,,,,,,,,,,2.188607692718506,,,,,,
3099,6.0,,,,,,,,,,,,2.2738351821899414,,,,,,
3149,6.0,,,,,,,,,,,,2.2294836044311523,,,,,,
3199,6.0,,,,,,,,,,,,2.121492624282837,,,,,,
3249,6.0,,,,,,,,,,,,2.0949795246124268,,,,,,
3299,6.0,,,,,,,,,,,,1.9458513259887695,,,,,,
3349,6.0,,,,,,,,,,,,2.091458797454834,,,,,,
3359,6.0,,,,,,,,0.0,0.0,0.0,0.0,,4.980681114830077e-05,100.0,0.0,100.0,0.0,2.042311429977417
3360,,,4.973717295797542e-05,,,,,,,,,,,,,,,,
3399,7.0,,,,,,,,,,,,2.2490196228027344,,,,,,
3449,7.0,,,,,,,,,,,,2.102442741394043,,,,,,
3499,7.0,,,,,,,,,,,,1.9989157915115356,,,,,,
3549,7.0,,,,,,,,,,,,2.1634552478790283,,,,,,
3599,7.0,,,,,,,,,,,,2.0141797065734863,,,,,,
3649,7.0,,,,,,,,,,,,2.0887768268585205,,,,,,
3699,7.0,,,,,,,,,,,,2.1871321201324463,,,,,,
3749,7.0,,,,,,,,,,,,2.0799453258514404,,,,,,
3799,7.0,,,,,,,,,,,,2.164879322052002,,,,,,
3839,7.0,,,,,,,,0.0,0.0,0.0,0.0,,4.973717295797542e-05,98.24988555908203,0.0,98.22773742675781,0.022153301164507866,1.91518235206604
3840,,,4.9656904593575746e-05,,,,,,,,,,,,,,,,
3849,8.0,,,,,,,,,,,,2.0487289428710938,,,,,,
3899,8.0,,,,,,,,,,,,2.010054349899292,,,,,,
3949,8.0,,,,,,,,,,,,2.1138596534729004,,,,,,
3999,8.0,,,,,,,,,,,,1.9434082508087158,,,,,,
4049,8.0,,,,,,,,,,,,2.0192642211914062,,,,,,
4099,8.0,,,,,,,,,,,,1.9652148485183716,,,,,,
4149,8.0,,,,,,,,,,,,1.9863393306732178,,,,,,
4199,8.0,,,,,,,,,,,,1.9849931001663208,,,,,,
4249,8.0,,,,,,,,,,,,1.7975506782531738,,,,,,
4299,8.0,,,,,,,,,,,,2.0111303329467773,,,,,,
4319,8.0,,,,,,,,0.0,0.0,0.0,0.0,,4.9656904593575746e-05,90.51838684082031,0.0,90.3411636352539,0.17722640931606293,1.826838493347168
4320,,,4.9566038796911016e-05,,,,,,,,,,,,,,,,
4349,9.0,,,,,,,,,,,,2.0490341186523438,,,,,,
4399,9.0,,,,,,,,,,,,2.0124993324279785,,,,,,
4449,9.0,,,,,,,,,,,,1.8106014728546143,,,,,,
4499,9.0,,,,,,,,,,,,2.172233819961548,,,,,,
4549,9.0,,,,,,,,,,,,1.8595798015594482,,,,,,
4599,9.0,,,,,,,,,,,,1.7514612674713135,,,,,,
4649,9.0,,,,,,,,,,,,1.9745635986328125,,,,,,
4699,9.0,,,,,,,,,,,,1.9283223152160645,,,,,,
4749,9.0,,,,,,,,,,,,1.7968500852584839,,,,,,
4799,9.0,,,,,,,,0.0,0.0,0.0,0.0,1.752776861190796,4.9566038796911016e-05,87.41692352294922,0.0,86.86309051513672,0.5538325309753418,1.7374954223632812
4800,,,4.9464615585748106e-05,,,,,,,,,,,,,,,,
4849,10.0,,,,,,,,,,,,1.88239586353302,,,,,,
4899,10.0,,,,,,,,,,,,1.9450323581695557,,,,,,
4949,10.0,,,,,,,,,,,,1.9440501928329468,,,,,,
4999,10.0,,,,,,,,,,,,1.7744369506835938,,,,,,
5049,10.0,,,,,,,,,,,,1.7829784154891968,,,,,,
5099,10.0,,,,,,,,,,,,1.7791802883148193,,,,,,
5149,10.0,,,,,,,,,,,,2.010415554046631,,,,,,
5199,10.0,,,,,,,,,,,,1.8756470680236816,,,,,,
5249,10.0,,,,,,,,,,,,1.941711664199829,,,,,,
5279,10.0,,,,,,,,0.0,0.0,0.0,0.0,,4.9464615585748106e-05,84.93575286865234,0.0,84.2933120727539,0.6424457430839539,1.665353536605835
5280,,,4.935268225381151e-05,,,,,,,,,,,,,,,,
5299,11.0,,,,,,,,,,,,1.862169861793518,,,,,,
5349,11.0,,,,,,,,,,,,1.6067297458648682,,,,,,
5399,11.0,,,,,,,,,,,,1.8128197193145752,,,,,,
5449,11.0,,,,,,,,,,,,1.6109132766723633,,,,,,
5499,11.0,,,,,,,,,,,,1.8932828903198242,,,,,,
5549,11.0,,,,,,,,,,,,1.730688214302063,,,,,,
5599,11.0,,,,,,,,,,,,1.7216441631317139,,,,,,
5649,11.0,,,,,,,,,,,,1.9353253841400146,,,,,,
5699,11.0,,,,,,,,,,,,1.7405955791473389,,,,,,
5749,11.0,,,,,,,,,,,,1.683211088180542,,,,,,
5759,11.0,,,,,,,,0.0,0.0,0.0,0.0,,4.935268225381151e-05,83.56224822998047,0.0,82.72042846679688,0.8418254256248474,1.5992032289505005
5760,,,4.9230286094825715e-05,,,,,,,,,,,,,,,,
5799,12.0,,,,,,,,,,,,1.8142138719558716,,,,,,
5849,12.0,,,,,,,,,,,,1.869794249534607,,,,,,
5899,12.0,,,,,,,,,,,,1.782639741897583,,,,,,
5949,12.0,,,,,,,,,,,,1.7556204795837402,,,,,,
5999,12.0,,,,,,,,,,,,1.865792155265808,,,,,,
6049,12.0,,,,,,,,,,,,1.669777274131775,,,,,,
6099,12.0,,,,,,,,,,,,1.7914189100265503,,,,,,
6149,12.0,,,,,,,,,,,,1.7197511196136475,,,,,,
6199,12.0,,,,,,,,,,,,1.9764792919158936,,,,,,
6239,12.0,,,,,,,,0.0,0.0,0.0,0.0,,4.9230286094825715e-05,83.78378295898438,0.0,82.98626708984375,0.7975188493728638,1.5720452070236206
6240,,,4.909748167847283e-05,,,,,,,,,,,,,,,,
6249,13.0,,,,,,,,,,,,1.5723484754562378,,,,,,
6299,13.0,,,,,,,,,,,,1.9084415435791016,,,,,,
6349,13.0,,,,,,,,,,,,1.6468257904052734,,,,,,
6399,13.0,,,,,,,,,,,,1.7850022315979004,,,,,,
6449,13.0,,,,,,,,,,,,1.8215259313583374,,,,,,
6499,13.0,,,,,,,,,,,,1.8249237537384033,,,,,,
6549,13.0,,,,,,,,,,,,1.9670870304107666,,,,,,
6599,13.0,,,,,,,,,,,,1.7026093006134033,,,,,,
6649,13.0,,,,,,,,,,,,2.016362428665161,,,,,,
6699,13.0,,,,,,,,,,,,1.692694902420044,,,,,,
6719,13.0,,,,,,,,0.0,0.0,0.0,0.0,,4.909748167847283e-05,82.16659545898438,0.0,81.28046417236328,0.8861320614814758,1.556710958480835
6720,,,4.895432721241377e-05,,,,,,,,,,,,,,,,
6749,14.0,,,,,,,,,,,,1.7178791761398315,,,,,,
6799,14.0,,,,,,,,,,,,1.643301248550415,,,,,,
6849,14.0,,,,,,,,,,,,1.8036705255508423,,,,,,
6899,14.0,,,,,,,,,,,,1.5554887056350708,,,,,,
6949,14.0,,,,,,,,,,,,1.728521466255188,,,,,,
6999,14.0,,,,,,,,,,,,1.9381799697875977,,,,,,
7049,14.0,,,,,,,,,,,,1.37632155418396,,,,,,
7099,14.0,,,,,,,,,,,,1.5813530683517456,,,,,,
7149,14.0,,,,,,,,,,,,1.6166000366210938,,,,,,
7199,14.0,,,,,,,,0.0,0.0,0.0,0.0,1.645310640335083,4.895432721241377e-05,78.11254119873047,0.0,76.62826538085938,1.4842711687088013,1.4795913696289062
7200,,,4.880088454228826e-05,,,,,,,,,,,,,,,,
7249,15.0,,,,,,,,,,,,1.5781465768814087,,,,,,
7299,15.0,,,,,,,,,,,,1.6070467233657837,,,,,,
7349,15.0,,,,,,,,,,,,1.562105655670166,,,,,,
7399,15.0,,,,,,,,,,,,1.615424394607544,,,,,,
7449,15.0,,,,,,,,,,,,1.7036077976226807,,,,,,
7499,15.0,,,,,,,,,,,,1.8955678939819336,,,,,,
7549,15.0,,,,,,,,,,,,1.938331127166748,,,,,,
7599,15.0,,,,,,,,,,,,1.7645387649536133,,,,,,
7649,15.0,,,,,,,,,,,,1.5472862720489502,,,,,,
7679,15.0,,,,,,,,0.0,0.0,0.0,0.0,,4.880088454228826e-05,72.88436126708984,0.022153301164507866,69.49490356445312,3.3673017024993896,1.4479097127914429
7680,,,4.8637222789693624e-05,,,,,,,,,,,,,,,,
7699,16.0,,,,,,,,,,,,1.411597490310669,,,,,,
7749,16.0,,,,,,,,,,,,1.681277871131897,,,,,,
7799,16.0,,,,,,,,,,,,1.5350673198699951,,,,,,
7849,16.0,,,,,,,,,,,,1.508068323135376,,,,,,
7899,16.0,,,,,,,,,,,,1.542954921722412,,,,,,
7949,16.0,,,,,,,,,,,,1.574124813079834,,,,,,
7999,16.0,,,,,,,,,,,,1.6105016469955444,,,,,,
8049,16.0,,,,,,,,,,,,1.5107711553573608,,,,,,
8099,16.0,,,,,,,,,,,,1.5573813915252686,,,,,,
8149,16.0,,,,,,,,,,,,1.5535094738006592,,,,,,
8159,16.0,,,,,,,,0.0,0.0,0.0,0.0,,4.8637222789693624e-05,70.02658081054688,0.08861320465803146,65.68453979492188,4.253433704376221,1.4055885076522827
8160,,,4.8463407438248396e-05,,,,,,,,,,,,,,,,
8199,17.0,,,,,,,,,,,,1.3791930675506592,,,,,,
8249,17.0,,,,,,,,,,,,1.510345458984375,,,,,,
8299,17.0,,,,,,,,,,,,1.5123077630996704,,,,,,
8349,17.0,,,,,,,,,,,,1.519635796546936,,,,,,
8399,17.0,,,,,,,,,,,,1.5239672660827637,,,,,,
8449,17.0,,,,,,,,,,,,1.644965648651123,,,,,,
8499,17.0,,,,,,,,,,,,1.5684995651245117,,,,,,
8549,17.0,,,,,,,,,,,,1.6227446794509888,,,,,,
8599,17.0,,,,,,,,,,,,1.5431431531906128,,,,,,
8639,17.0,,,,,,,,0.0,0.0,0.0,0.0,,4.8463407438248396e-05,63.66858673095703,0.1550731062889099,57.22197723388672,6.291537284851074,1.3313677310943604
8640,,,4.827952216146514e-05,,,,,,,,,,,,,,,,
8649,18.0,,,,,,,,,,,,1.3428778648376465,,,,,,
8699,18.0,,,,,,,,,,,,1.474388599395752,,,,,,
8749,18.0,,,,,,,,,,,,1.40909743309021,,,,,,
8799,18.0,,,,,,,,,,,,1.3816664218902588,,,,,,
8849,18.0,,,,,,,,,,,,1.4848573207855225,,,,,,
8899,18.0,,,,,,,,,,,,1.3350880146026611,,,,,,
8949,18.0,,,,,,,,,,,,1.486591100692749,,,,,,
8999,18.0,,,,,,,,,,,,1.7344560623168945,,,,,,
9049,18.0,,,,,,,,,,,,1.3564668893814087,,,,,,
9099,18.0,,,,,,,,,,,,1.427323818206787,,,,,,
9119,18.0,,,,,,,,0.0,0.0,0.0,0.0,,4.827952216146514e-05,59.2379264831543,0.19937971234321594,52.392555236816406,6.645990371704102,1.2891093492507935
9120,,,4.808564699487761e-05,,,,,,,,,,,,,,,,
9149,19.0,,,,,,,,,,,,1.408019781112671,,,,,,
9199,19.0,,,,,,,,,,,,1.6001722812652588,,,,,,
9249,19.0,,,,,,,,,,,,1.4393863677978516,,,,,,
9299,19.0,,,,,,,,,,,,1.5528428554534912,,,,,,
9349,19.0,,,,,,,,,,,,1.3430038690567017,,,,,,
9399,19.0,,,,,,,,,,,,1.482784628868103,,,,,,
9449,19.0,,,,,,,,,,,,1.541265845298767,,,,,,
9499,19.0,,,,,,,,,,,,1.6020516157150269,,,,,,
9549,19.0,,,,,,,,,,,,1.7614505290985107,,,,,,
9599,19.0,,,,,,,,0.0,0.0,0.0,0.0,1.3142402172088623,4.808564699487761e-05,54.31989288330078,0.287992924451828,46.30039978027344,7.731502056121826,1.226392388343811
9600,,,4.788186197401956e-05,,,,,,,,,,,,,,,,
9649,20.0,,,,,,,,,,,,1.4506592750549316,,,,,,
9699,20.0,,,,,,,,,,,,1.426086187362671,,,,,,
9749,20.0,,,,,,,,,,,,1.6462016105651855,,,,,,
9799,20.0,,,,,,,,,,,,1.2695101499557495,,,,,,
9849,20.0,,,,,,,,,,,,1.417421817779541,,,,,,
9899,20.0,,,,,,,,,,,,1.255286693572998,,,,,,
9949,20.0,,,,,,,,,,,,1.425278902053833,,,,,,
9999,20.0,,,,,,,,,,,,1.7431491613388062,,,,,,
10049,20.0,,,,,,,,,,,,1.5552929639816284,,,,,,
10079,20.0,,,,,,,,0.0,0.0,0.0,0.0,,4.788186197401956e-05,49.13602066040039,0.575985848903656,38.85688781738281,9.703145980834961,1.1835600137710571
10080,,,4.7668261686339974e-05,,,,,,,,,,,,,,,,
10099,21.0,,,,,,,,,,,,1.2750506401062012,,,,,,
10149,21.0,,,,,,,,,,,,1.3411507606506348,,,,,,
10199,21.0,,,,,,,,,,,,1.3250300884246826,,,,,,
10249,21.0,,,,,,,,,,,,1.4403321743011475,,,,,,
10299,21.0,,,,,,,,,,,,1.4080705642700195,,,,,,
10349,21.0,,,,,,,,,,,,1.3791189193725586,,,,,,
10399,21.0,,,,,,,,,,,,1.594928503036499,,,,,,
10449,21.0,,,,,,,,,,,,1.2982778549194336,,,,,,
10499,21.0,,,,,,,,,,,,1.4421069622039795,,,,,,
10549,21.0,,,,,,,,,,,,1.3383195400238037,,,,,,
10559,21.0,,,,,,,,0.0,0.0,0.0,0.0,,4.7668261686339974e-05,48.95879364013672,0.5981391072273254,38.94550323486328,9.415152549743652,1.1839534044265747
10560,,,4.7444937081309035e-05,,,,,,,,,,,,,,,,
10599,22.0,,,,,,,,,,,,1.26493501663208,,,,,,
10649,22.0,,,,,,,,,,,,1.0677732229232788,,,,,,
10699,22.0,,,,,,,,,,,,1.436352014541626,,,,,,
10749,22.0,,,,,,,,,,,,1.6661242246627808,,,,,,
10799,22.0,,,,,,,,,,,,1.3482561111450195,,,,,,
10849,22.0,,,,,,,,,,,,1.4210175275802612,,,,,,
10899,22.0,,,,,,,,,,,,1.4395653009414673,,,,,,
10949,22.0,,,,,,,,,,,,1.5147013664245605,,,,,,
10999,22.0,,,,,,,,,,,,1.4241889715194702,,,,,,
11039,22.0,,,,,,,,0.0,0.0,0.0,0.0,,4.7444937081309035e-05,44.860435485839844,0.9304386377334595,32.89765167236328,11.032343864440918,1.1530853509902954
11040,,,4.721198638435453e-05,,,,,,,,,,,,,,,,
11049,23.0,,,,,,,,,,,,1.2873798608779907,,,,,,
11099,23.0,,,,,,,,,,,,1.3628575801849365,,,,,,
11149,23.0,,,,,,,,,,,,1.3588756322860718,,,,,,
11199,23.0,,,,,,,,,,,,1.6222784519195557,,,,,,
11249,23.0,,,,,,,,,,,,1.3741917610168457,,,,,,
11299,23.0,,,,,,,,,,,,1.4429022073745728,,,,,,
11349,23.0,,,,,,,,,,,,1.4235342741012573,,,,,,
11399,23.0,,,,,,,,,,,,1.4354394674301147,,,,,,
11449,23.0,,,,,,,,,,,,1.3829100131988525,,,,,,
11499,23.0,,,,,,,,,,,,1.1142486333847046,,,,,,
11519,23.0,,,,,,,,0.0,0.0,0.0,0.0,,4.721198638435453e-05,42.99955749511719,1.2848914861679077,31.479841232299805,10.234825134277344,1.1296998262405396
11520,,,4.696951509686187e-05,,,,,,,,,,,,,,,,
11549,24.0,,,,,,,,,,,,1.3837265968322754,,,,,,
11599,24.0,,,,,,,,,,,,1.344655156135559,,,,,,
11649,24.0,,,,,,,,,,,,1.597813606262207,,,,,,
11699,24.0,,,,,,,,,,,,1.4474509954452515,,,,,,
11749,24.0,,,,,,,,,,,,1.3033931255340576,,,,,,
11799,24.0,,,,,,,,,,,,1.5929762125015259,,,,,,
11849,24.0,,,,,,,,,,,,1.3121618032455444,,,,,,
11899,24.0,,,,,,,,,,,,1.5019166469573975,,,,,,
11949,24.0,,,,,,,,,,,,1.3447520732879639,,,,,,
11999,24.0,,,,,,,,0.0,0.0,0.0,0.0,1.5724338293075562,4.696951509686187e-05,43.442623138427734,0.6645990014076233,32.36597442626953,10.4120512008667,1.1139661073684692
12000,,,4.671762144425884e-05,,,,,,,,,,,,,,,,
12049,25.0,,,,,,,,,,,,1.1735879182815552,,,,,,
12099,25.0,,,,,,,,,,,,1.248703956604004,,,,,,
12149,25.0,,,,,,,,,,,,1.2802834510803223,,,,,,
12199,25.0,,,,,,,,,,,,1.4462966918945312,,,,,,
12249,25.0,,,,,,,,,,,,1.3098082542419434,,,,,,
12299,25.0,,,,,,,,,,,,1.23090660572052,,,,,,
12349,25.0,,,,,,,,,,,,1.3090953826904297,,,,,,
12399,25.0,,,,,,,,,,,,1.4584993124008179,,,,,,
12449,25.0,,,,,,,,,,,,1.429970622062683,,,,,,
12479,25.0,,,,,,,,0.0,0.0,0.0,0.0,,4.671762144425884e-05,42.31280517578125,0.9968985319137573,29.929109573364258,11.386796951293945,1.100873589515686
12480,,,4.6456425479846075e-05,,,,,,,,,,,,,,,,
12499,26.0,,,,,,,,,,,,1.0463225841522217,,,,,,
12549,26.0,,,,,,,,,,,,1.280277967453003,,,,,,
12599,26.0,,,,,,,,,,,,1.098780870437622,,,,,,
12649,26.0,,,,,,,,,,,,1.0627797842025757,,,,,,
12699,26.0,,,,,,,,,,,,1.2030836343765259,,,,,,
12749,26.0,,,,,,,,,,,,1.2651827335357666,,,,,,
12799,26.0,,,,,,,,,,,,1.129586935043335,,,,,,
12849,26.0,,,,,,,,,,,,1.2920968532562256,,,,,,
12899,26.0,,,,,,,,,,,,1.2560486793518066,,,,,,
12949,26.0,,,,,,,,,,,,1.0148793458938599,,,,,,
12959,26.0,,,,,,,,0.0,0.0,0.0,0.0,,4.6456425479846075e-05,42.024810791015625,0.7532122135162354,31.169694900512695,10.10190486907959,1.0769034624099731
12960,,,4.6186032705008984e-05,,,,,,,,,,,,,,,,
12999,27.0,,,,,,,,,,,,1.1617696285247803,,,,,,
13049,27.0,,,,,,,,,,,,1.4929850101470947,,,,,,
13099,27.0,,,,,,,,,,,,1.4358959197998047,,,,,,
13149,27.0,,,,,,,,,,,,1.1920561790466309,,,,,,
13199,27.0,,,,,,,,,,,,1.0965576171875,,,,,,
13249,27.0,,,,,,,,,,,,1.2423858642578125,,,,,,
13299,27.0,,,,,,,,,,,,1.572630763053894,,,,,,
13349,27.0,,,,,,,,,,,,1.294567346572876,,,,,,
13399,27.0,,,,,,,,,,,,1.3854167461395264,,,,,,
13439,27.0,,,,,,,,0.0,0.0,0.0,0.0,,4.6186032705008984e-05,38.52458953857422,1.3956578969955444,24.78954315185547,12.339388847351074,1.0519949197769165
13440,,,4.590657044900581e-05,,,,,,,,,,,,,,,,
13449,28.0,,,,,,,,,,,,1.158172369003296,,,,,,
13499,28.0,,,,,,,,,,,,1.2652620077133179,,,,,,
13549,28.0,,,,,,,,,,,,1.3936004638671875,,,,,,
13599,28.0,,,,,,,,,,,,1.4214941263198853,,,,,,
13649,28.0,,,,,,,,,,,,1.3148810863494873,,,,,,
13699,28.0,,,,,,,,,,,,1.1508190631866455,,,,,,
13749,28.0,,,,,,,,,,,,1.5059013366699219,,,,,,
13799,28.0,,,,,,,,,,,,1.2928698062896729,,,,,,
13849,28.0,,,,,,,,,,,,1.6827640533447266,,,,,,
13899,28.0,,,,,,,,,,,,1.1940715312957764,,,,,,
13919,28.0,,,,,,,,0.0,0.0,0.0,0.0,,4.590657044900581e-05,38.76827621459961,0.8861320614814758,26.761186599731445,11.120957374572754,1.0301997661590576
13920,,,4.561815512715839e-05,,,,,,,,,,,,,,,,
13949,29.0,,,,,,,,,,,,1.2622272968292236,,,,,,
13999,29.0,,,,,,,,,,,,1.1023458242416382,,,,,,
14049,29.0,,,,,,,,,,,,1.2241706848144531,,,,,,
14099,29.0,,,,,,,,,,,,1.242618203163147,,,,,,
14149,29.0,,,,,,,,,,,,1.1493057012557983,,,,,,
14199,29.0,,,,,,,,,,,,1.3712677955627441,,,,,,
14249,29.0,,,,,,,,,,,,1.2354758977890015,,,,,,
14299,29.0,,,,,,,,,,,,1.1535049676895142,,,,,,
14349,29.0,,,,,,,,,,,,1.1530101299285889,,,,,,
14399,29.0,,,,,,,,0.0,0.0,0.0,0.0,1.1325973272323608,4.561815512715839e-05,35.356666564941406,1.3513513803482056,22.552061080932617,11.453256607055664,0.9826974868774414
14400,,,4.532091770670377e-05,,,,,,,,,,,,,,,,
14449,30.0,,,,,,,,,,,,1.3568695783615112,,,,,,
14499,30.0,,,,,,,,,,,,1.1048104763031006,,,,,,
14549,30.0,,,,,,,,,,,,1.2495172023773193,,,,,,
14599,30.0,,,,,,,,,,,,1.2103118896484375,,,,,,
14649,30.0,,,,,,,,,,,,1.1856540441513062,,,,,,
14699,30.0,,,,,,,,,,,,1.2735376358032227,,,,,,
14749,30.0,,,,,,,,,,,,1.3255715370178223,,,,,,
14799,30.0,,,,,,,,,,,,1.5028542280197144,,,,,,
14849,30.0,,,,,,,,,,,,1.176928997039795,,,,,,
14879,30.0,,,,,,,,0.0,0.0,0.0,0.0,,4.532091770670377e-05,36.39787292480469,1.0412051677703857,24.10279083251953,11.253876686096191,0.9963659048080444
14880,,,4.501498187892139e-05,,,,,,,,,,,,,,,,
14899,31.0,,,,,,,,,,,,1.2366890907287598,,,,,,
14949,31.0,,,,,,,,,,,,1.5664271116256714,,,,,,
14999,31.0,,,,,,,,,,,,0.9428202509880066,,,,,,
15049,31.0,,,,,,,,,,,,1.3072600364685059,,,,,,
15099,31.0,,,,,,,,,,,,1.1220933198928833,,,,,,
15149,31.0,,,,,,,,,,,,1.2085025310516357,,,,,,
15199,31.0,,,,,,,,,,,,1.0541415214538574,,,,,,
15249,31.0,,,,,,,,,,,,1.464821219444275,,,,,,
15299,31.0,,,,,,,,,,,,1.4594199657440186,,,,,,
15349,31.0,,,,,,,,,,,,1.046321153640747,,,,,,
15359,31.0,,,,,,,,0.0,0.0,0.0,0.0,,4.501498187892139e-05,36.3757209777832,1.8165706396102905,21.089942932128906,13.469206809997559,1.031258225440979
15360,,,4.470048952498473e-05,,,,,,,,,,,,,,,,
15399,32.0,,,,,,,,,,,,1.0836548805236816,,,,,,
15449,32.0,,,,,,,,,,,,1.2770304679870605,,,,,,
15499,32.0,,,,,,,,,,,,1.238318920135498,,,,,,
15549,32.0,,,,,,,,,,,,0.9420536756515503,,,,,,
15599,32.0,,,,,,,,,,,,1.4144917726516724,,,,,,
15649,32.0,,,,,,,,,,,,1.7318410873413086,,,,,,
15699,32.0,,,,,,,,,,,,1.4164472818374634,,,,,,
15749,32.0,,,,,,,,,,,,1.2587316036224365,,,,,,
15799,32.0,,,,,,,,,,,,1.2244133949279785,,,,,,
15839,32.0,,,,,,,,0.0,0.0,0.0,0.0,,4.470048952498473e-05,36.552947998046875,1.1962782144546509,23.172351837158203,12.18431568145752,0.9875721335411072
15840,,,4.437757525010966e-05,,,,,,,,,,,,,,,,
15849,33.0,,,,,,,,,,,,1.1908137798309326,,,,,,
15899,33.0,,,,,,,,,,,,1.1142724752426147,,,,,,
15949,33.0,,,,,,,,,,,,0.8516321182250977,,,,,,
15999,33.0,,,,,,,,,,,,1.3900245428085327,,,,,,
16049,33.0,,,,,,,,,,,,1.0098813772201538,,,,,,
16099,33.0,,,,,,,,,,,,1.2328376770019531,,,,,,
16149,33.0,,,,,,,,,,,,1.0752146244049072,,,,,,
16199,33.0,,,,,,,,,,,,1.0003938674926758,,,,,,
16249,33.0,,,,,,,,,,,,1.2597014904022217,,,,,,
16299,33.0,,,,,,,,,,,,1.2779994010925293,,,,,,
16319,33.0,,,,,,,,0.0,0.0,0.0,0.0,,4.437757525010966e-05,35.40097427368164,1.3291980028152466,21.510854721069336,12.560921669006348,0.9885526299476624
16320,,,4.4046377297490835e-05,,,,,,,,,,,,,,,,
16349,34.0,,,,,,,,,,,,1.0962183475494385,,,,,,
16399,34.0,,,,,,,,,,,,1.1891767978668213,,,,,,
16449,34.0,,,,,,,,,,,,0.9721646904945374,,,,,,
16499,34.0,,,,,,,,,,,,1.0715800523757935,,,,,,
16549,34.0,,,,,,,,,,,,1.2954051494598389,,,,,,
16599,34.0,,,,,,,,,,,,1.2507215738296509,,,,,,
16649,34.0,,,,,,,,,,,,1.33197820186615,,,,,,
16699,34.0,,,,,,,,,,,,1.0819997787475586,,,,,,
16749,34.0,,,,,,,,,,,,1.366753339767456,,,,,,
16799,34.0,,,,,,,,0.0,0.0,0.0,0.0,1.1862595081329346,4.4046377297490835e-05,35.511741638183594,1.0855116844177246,22.77359390258789,11.652636528015137,0.980465292930603
16800,,,4.370704846223816e-05,,,,,,,,,,,,,,,,
16849,35.0,,,,,,,,,,,,1.3962255716323853,,,,,,
16899,35.0,,,,,,,,,,,,1.2900424003601074,,,,,,
16949,35.0,,,,,,,,,,,,1.4350333213806152,,,,,,
16999,35.0,,,,,,,,,,,,1.3079906702041626,,,,,,
17049,35.0,,,,,,,,,,,,1.1102250814437866,,,,,,
17099,35.0,,,,,,,,,,,,1.3947131633758545,,,,,,
17149,35.0,,,,,,,,,,,,1.170367956161499,,,,,,
17199,35.0,,,,,,,,,,,,1.3041943311691284,,,,,,
17249,35.0,,,,,,,,,,,,1.2140573263168335,,,,,,
17279,35.0,,,,,,,,0.0,0.0,0.0,0.0,,4.370704846223816e-05,34.29330825805664,1.0855116844177246,21.333629608154297,11.87416934967041,0.9354082942008972
17280,,,4.335973062552512e-05,,,,,,,,,,,,,,,,
17299,36.0,,,,,,,,,,,,1.1891486644744873,,,,,,
17349,36.0,,,,,,,,,,,,1.1142535209655762,,,,,,
17399,36.0,,,,,,,,,,,,1.2247527837753296,,,,,,
17449,36.0,,,,,,,,,,,,0.9829397201538086,,,,,,
17499,36.0,,,,,,,,,,,,1.3854851722717285,,,,,,
17549,36.0,,,,,,,,,,,,0.9271087646484375,,,,,,
17599,36.0,,,,,,,,,,,,0.9864672422409058,,,,,,
17649,36.0,,,,,,,,,,,,0.9349785447120667,,,,,,
17699,36.0,,,,,,,,,,,,1.0881664752960205,,,,,,
17749,36.0,,,,,,,,,,,,0.847369372844696,,,,,,
17759,36.0,,,,,,,,0.0,0.0,0.0,0.0,,4.335973062552512e-05,31.723526000976562,1.5507310628890991,18.232166290283203,11.940629005432129,0.9111878275871277
17760,,,4.30045802204404e-05,,,,,,,,,,,,,,,,
17799,37.0,,,,,,,,,,,,1.2597875595092773,,,,,,
17849,37.0,,,,,,,,,,,,1.1565266847610474,,,,,,
17899,37.0,,,,,,,,,,,,0.9140832424163818,,,,,,
17949,37.0,,,,,,,,,,,,1.0050621032714844,,,,,,
17999,37.0,,,,,,,,,,,,0.8836638331413269,,,,,,
18049,37.0,,,,,,,,,,,,1.1436705589294434,,,,,,
18099,37.0,,,,,,,,,,,,1.2216769456863403,,,,,,
18149,37.0,,,,,,,,,,,,1.1993505954742432,,,,,,
18199,37.0,,,,,,,,,,,,1.0554271936416626,,,,,,
18239,37.0,,,,,,,,0.0,0.0,0.0,0.0,,4.30045802204404e-05,32.47673797607422,1.2405848503112793,19.53921127319336,11.696943283081055,0.9298986196517944
18240,,,4.264175004209392e-05,,,,,,,,,,,,,,,,
18249,38.0,,,,,,,,,,,,1.099083423614502,,,,,,
18299,38.0,,,,,,,,,,,,1.0477240085601807,,,,,,
18349,38.0,,,,,,,,,,,,1.4689679145812988,,,,,,
18399,38.0,,,,,,,,,,,,1.428970456123352,,,,,,
18449,38.0,,,,,,,,,,,,1.3659663200378418,,,,,,
18499,38.0,,,,,,,,,,,,1.3725008964538574,,,,,,
18549,38.0,,,,,,,,,,,,0.9906779527664185,,,,,,
18599,38.0,,,,,,,,,,,,0.8567570447921753,,,,,,
18649,38.0,,,,,,,,,,,,0.9885311126708984,,,,,,
18699,38.0,,,,,,,,,,,,1.1968806982040405,,,,,,
18719,38.0,,,,,,,,0.0,0.0,0.0,0.0,,4.264175004209392e-05,31.036773681640625,1.5064244270324707,17.434648513793945,12.095702171325684,0.9021931886672974
18720,,,4.227140379953198e-05,,,,,,,,,,,,,,,,
18749,39.0,,,,,,,,,,,,1.2617018222808838,,,,,,
18799,39.0,,,,,,,,,,,,0.9501973390579224,,,,,,
18849,39.0,,,,,,,,,,,,1.056490182876587,,,,,,
18899,39.0,,,,,,,,,,,,1.0658020973205566,,,,,,
18949,39.0,,,,,,,,,,,,0.9478195905685425,,,,,,
18999,39.0,,,,,,,,,,,,1.0677235126495361,,,,,,
19049,39.0,,,,,,,,,,,,1.0275322198867798,,,,,,
19099,39.0,,,,,,,,,,,,1.142352819442749,,,,,,
19149,39.0,,,,,,,,,,,,1.110755205154419,,,,,,
19199,39.0,,,,,,,,0.0,0.0,0.0,0.0,1.7617108821868896,4.227140379953198e-05,31.280460357666016,1.4399645328521729,17.988479614257812,11.852015495300293,0.8918521404266357
19200,,,4.1893701563822106e-05,,,,,,,,,,,,,,,,
19249,40.0,,,,,,,,,,,,1.1270866394042969,,,,,,
19299,40.0,,,,,,,,,,,,0.9701794385910034,,,,,,
19349,40.0,,,,,,,,,,,,1.0769482851028442,,,,,,
19399,40.0,,,,,,,,,,,,1.031731128692627,,,,,,
19449,40.0,,,,,,,,,,,,1.1614503860473633,,,,,,
19499,40.0,,,,,,,,,,,,0.9958012700080872,,,,,,
19549,40.0,,,,,,,,,,,,1.0710455179214478,,,,,,
19599,40.0,,,,,,,,,,,,1.030857801437378,,,,,,
19649,40.0,,,,,,,,,,,,0.9918632507324219,,,,,,
19679,40.0,,,,,,,,0.0,0.0,0.0,0.0,,4.1893701563822106e-05,30.859548568725586,1.6393442153930664,17.013734817504883,12.20646858215332,0.9034419655799866
19680,,,4.15088034060318e-05,,,,,,,,,,,,,,,,
19699,41.0,,,,,,,,,,,,1.0434455871582031,,,,,,
19749,41.0,,,,,,,,,,,,1.1493852138519287,,,,,,
19799,41.0,,,,,,,,,,,,1.038789987564087,,,,,,
19849,41.0,,,,,,,,,,,,1.0769736766815186,,,,,,
19899,41.0,,,,,,,,,,,,1.034804105758667,,,,,,
19949,41.0,,,,,,,,,,,,0.7422038316726685,,,,,,
19999,41.0,,,,,,,,,,,,0.9994267225265503,,,,,,
20049,41.0,,,,,,,,,,,,0.9988120794296265,,,,,,
20099,41.0,,,,,,,,,,,,1.0028990507125854,,,,,,
20149,41.0,,,,,,,,,,,,1.1552231311798096,,,,,,
20159,41.0,,,,,,,,0.0,0.0,0.0,0.0,,4.15088034060318e-05,30.549402236938477,1.4842711687088013,16.947275161743164,12.1178560256958,0.8807665705680847
20160,,,4.111688758712262e-05,,,,,,,,,,,,,,,,
20199,42.0,,,,,,,,,,,,0.9168196320533752,,,,,,
20249,42.0,,,,,,,,,,,,1.0116488933563232,,,,,,
20299,42.0,,,,,,,,,,,,1.108459711074829,,,,,,
20349,42.0,,,,,,,,,,,,1.2323081493377686,,,,,,
20399,42.0,,,,,,,,,,,,1.0954432487487793,,,,,,
20449,42.0,,,,,,,,,,,,1.2234771251678467,,,,,,
20499,42.0,,,,,,,,,,,,0.8236409425735474,,,,,,
20549,42.0,,,,,,,,,,,,0.8378891944885254,,,,,,
20599,42.0,,,,,,,,,,,,0.9338787794113159,,,,,,
20639,42.0,,,,,,,,0.0,0.0,0.0,0.0,,4.111688758712262e-05,28.821443557739258,1.3291980028152466,15.706689834594727,11.785555839538574,0.8591973185539246
20640,,,4.071812145411968e-05,,,,,,,,,,,,,,,,
20649,43.0,,,,,,,,,,,,1.155882477760315,,,,,,
20699,43.0,,,,,,,,,,,,0.9029473066329956,,,,,,
20749,43.0,,,,,,,,,,,,1.1510745286941528,,,,,,
20799,43.0,,,,,,,,,,,,1.1432068347930908,,,,,,
20849,43.0,,,,,,,,,,,,1.2963281869888306,,,,,,
20899,43.0,,,,,,,,,,,,0.8617162704467773,,,,,,
20949,43.0,,,,,,,,,,,,1.291448712348938,,,,,,
20999,43.0,,,,,,,,,,,,1.0980439186096191,,,,,,
21049,43.0,,,,,,,,,,,,1.1175626516342163,,,,,,
21099,43.0,,,,,,,,,,,,1.1866891384124756,,,,,,
21119,43.0,,,,,,,,0.0,0.0,0.0,0.0,,4.071812145411968e-05,29.375276565551758,1.617190957069397,16.038990020751953,11.719096183776855,0.8595709800720215
21120,,,4.031267963000573e-05,,,,,,,,,,,,,,,,
21149,44.0,,,,,,,,,,,,0.7306261658668518,,,,,,
21199,44.0,,,,,,,,,,,,0.9571110010147095,,,,,,
21249,44.0,,,,,,,,,,,,0.9812313318252563,,,,,,
21299,44.0,,,,,,,,,,,,0.9693641662597656,,,,,,
21349,44.0,,,,,,,,,,,,0.8431106805801392,,,,,,
21399,44.0,,,,,,,,,,,,1.0939230918884277,,,,,,
21449,44.0,,,,,,,,,,,,0.9802060127258301,,,,,,
21499,44.0,,,,,,,,,,,,1.1814037561416626,,,,,,
21549,44.0,,,,,,,,,,,,1.0942845344543457,,,,,,
21599,44.0,,,,,,,,0.0,0.0,0.0,0.0,0.8877027034759521,4.031267963000573e-05,28.223304748535156,1.7279574871063232,14.532565116882324,11.962782859802246,0.8563920259475708
21600,,,3.9900740375742316e-05,,,,,,,,,,,,,,,,
21649,45.0,,,,,,,,,,,,0.9322679042816162,,,,,,
21699,45.0,,,,,,,,,,,,1.0135265588760376,,,,,,
21749,45.0,,,,,,,,,,,,0.827743649482727,,,,,,
21799,45.0,,,,,,,,,,,,1.230256199836731,,,,,,
21849,45.0,,,,,,,,,,,,1.0490641593933105,,,,,,
21899,45.0,,,,,,,,,,,,0.9444953203201294,,,,,,
21949,45.0,,,,,,,,,,,,1.1394920349121094,,,,,,
21999,45.0,,,,,,,,,,,,0.8661085367202759,,,,,,
22049,45.0,,,,,,,,,,,,1.065239429473877,,,,,,
22079,45.0,,,,,,,,0.0,0.0,0.0,0.0,,3.9900740375742316e-05,29.86264991760254,1.3291980028152466,16.570669174194336,11.962782859802246,0.841286838054657
22080,,,3.948248195229098e-05,,,,,,,,,,,,,,,,
22099,46.0,,,,,,,,,,,,0.6707953214645386,,,,,,
22149,46.0,,,,,,,,,,,,0.8684784173965454,,,,,,
22199,46.0,,,,,,,,,,,,1.1904984712600708,,,,,,
22249,46.0,,,,,,,,,,,,1.2329204082489014,,,,,,
22299,46.0,,,,,,,,,,,,1.004199743270874,,,,,,
22349,46.0,,,,,,,,,,,,1.0146069526672363,,,,,,
22399,46.0,,,,,,,,,,,,0.9439127445220947,,,,,,
22449,46.0,,,,,,,,,,,,1.034868836402893,,,,,,
22499,46.0,,,,,,,,,,,,1.0427336692810059,,,,,,
22549,46.0,,,,,,,,,,,,1.0531375408172607,,,,,,
22559,46.0,,,,,,,,0.0,0.0,0.0,0.0,,3.948248195229098e-05,29.286663055419922,1.8387240171432495,15.618077278137207,11.829862594604492,0.844032883644104
22560,,,3.90580935345497e-05,,,,,,,,,,,,,,,,
22599,47.0,,,,,,,,,,,,1.057265281677246,,,,,,
22649,47.0,,,,,,,,,,,,1.1768378019332886,,,,,,
22699,47.0,,,,,,,,,,,,0.8075841665267944,,,,,,
22749,47.0,,,,,,,,,,,,0.7191972732543945,,,,,,
22799,47.0,,,,,,,,,,,,1.1676253080368042,,,,,,
22849,47.0,,,,,,,,,,,,0.9724155068397522,,,,,,
22899,47.0,,,,,,,,,,,,1.107164978981018,,,,,,
22949,47.0,,,,,,,,,,,,0.9346834421157837,,,,,,
22999,47.0,,,,,,,,,,,,1.1205165386199951,,,,,,
23039,47.0,,,,,,,,0.0,0.0,0.0,0.0,,3.90580935345497e-05,29.286663055419922,1.5064244270324707,15.463004112243652,12.317234992980957,0.8502704501152039
23040,,,3.862775702145882e-05,,,,,,,,,,,,,,,,
23049,48.0,,,,,,,,,,,,0.8543350696563721,,,,,,
23099,48.0,,,,,,,,,,,,0.9922218322753906,,,,,,
23149,48.0,,,,,,,,,,,,0.7512131929397583,,,,,,
23199,48.0,,,,,,,,,,,,0.7093650102615356,,,,,,
23249,48.0,,,,,,,,,,,,0.9490848779678345,,,,,,
23299,48.0,,,,,,,,,,,,1.0490987300872803,,,,,,
23349,48.0,,,,,,,,,,,,0.880753755569458,,,,,,
23399,48.0,,,,,,,,,,,,0.7870510220527649,,,,,,
23449,48.0,,,,,,,,,,,,1.0602442026138306,,,,,,
23499,48.0,,,,,,,,,,,,0.9168382287025452,,,,,,
23519,48.0,,,,,,,,0.0,0.0,0.0,0.0,,3.862775702145882e-05,28.33407211303711,1.6393442153930664,14.466105461120605,12.228622436523438,0.8379974961280823
23520,,,3.8191661587916315e-05,,,,,,,,,,,,,,,,
23549,49.0,,,,,,,,,,,,0.8385136127471924,,,,,,
23599,49.0,,,,,,,,,,,,0.9129407405853271,,,,,,
23649,49.0,,,,,,,,,,,,0.9313768148422241,,,,,,
23699,49.0,,,,,,,,,,,,0.8686004281044006,,,,,,
23749,49.0,,,,,,,,,,,,0.9086825847625732,,,,,,
23799,49.0,,,,,,,,,,,,0.7945957779884338,,,,,,
23849,49.0,,,,,,,,,,,,0.9999253749847412,,,,,,
23899,49.0,,,,,,,,,,,,1.1088327169418335,,,,,,
23949,49.0,,,,,,,,,,,,0.7890884876251221,,,,,,
23999,49.0,,,,,,,,0.0,0.0,0.0,0.0,1.0267117023468018,3.8191661587916315e-05,28.865751266479492,1.5507310628890991,14.59902572631836,12.715994834899902,0.863997757434845
24000,,,3.775000004679896e-05,,,,,,,,,,,,,,,,
24049,50.0,,,,,,,,,,,,0.8617392778396606,,,,,,
24099,50.0,,,,,,,,,,,,0.7489520311355591,,,,,,
24149,50.0,,,,,,,,,,,,1.0959527492523193,,,,,,
24199,50.0,,,,,,,,,,,,0.9619870185852051,,,,,,
24249,50.0,,,,,,,,,,,,0.7961642742156982,,,,,,
24299,50.0,,,,,,,,,,,,1.0314559936523438,,,,,,
24349,50.0,,,,,,,,,,,,0.9147179126739502,,,,,,
24399,50.0,,,,,,,,,,,,0.782159149646759,,,,,,
24449,50.0,,,,,,,,,,,,0.9188569784164429,,,,,,
24479,50.0,,,,,,,,0.0,0.0,0.0,0.0,,3.775000004679896e-05,27.71377944946289,1.4399645328521729,14.576871871948242,11.696943283081055,0.8359816074371338
24480,,,3.730296521098353e-05,,,,,,,,,,,,,,,,
24499,51.0,,,,,,,,,,,,0.8908236026763916,,,,,,
24549,51.0,,,,,,,,,,,,0.8800824880599976,,,,,,
24599,51.0,,,,,,,,,,,,0.8429911136627197,,,,,,
24649,51.0,,,,,,,,,,,,1.1744349002838135,,,,,,
24699,51.0,,,,,,,,,,,,0.8590489625930786,,,,,,
24749,51.0,,,,,,,,,,,,0.9682512283325195,,,,,,
24799,51.0,,,,,,,,,,,,1.0948086977005005,,,,,,
24849,51.0,,,,,,,,,,,,0.8067100048065186,,,,,,
24899,51.0,,,,,,,,,,,,0.7143286466598511,,,,,,
24949,51.0,,,,,,,,,,,,0.8396688103675842,,,,,,
24959,51.0,,,,,,,,0.0,0.0,0.0,0.0,,3.730296521098353e-05,26.960567474365234,1.2184315919876099,14.244572639465332,11.497563362121582,0.7907867431640625
24960,,,3.685075353132561e-05,,,,,,,,,,,,,,,,
24999,52.0,,,,,,,,,,,,1.1038944721221924,,,,,,
25049,52.0,,,,,,,,,,,,0.7053602933883667,,,,,,
25099,52.0,,,,,,,,,,,,1.079266905784607,,,,,,
25149,52.0,,,,,,,,,,,,0.9573449492454529,,,,,,
25199,52.0,,,,,,,,,,,,1.15764582157135,,,,,,
25249,52.0,,,,,,,,,,,,0.7793868780136108,,,,,,
25299,52.0,,,,,,,,,,,,0.9659870862960815,,,,,,
25349,52.0,,,,,,,,,,,,0.9089864492416382,,,,,,
25399,52.0,,,,,,,,,,,,0.923966109752655,,,,,,
25439,52.0,,,,,,,,0.0,0.0,0.0,0.0,,3.685075353132561e-05,27.558706283569336,1.5064244270324707,14.510412216186523,11.5418701171875,0.801695704460144
25440,,,3.639356145868078e-05,,,,,,,,,,,,,,,,
25449,53.0,,,,,,,,,,,,0.7588492631912231,,,,,,
25499,53.0,,,,,,,,,,,,0.8002263307571411,,,,,,
25549,53.0,,,,,,,,,,,,0.874746561050415,,,,,,
25599,53.0,,,,,,,,,,,,0.9357455968856812,,,,,,
25649,53.0,,,,,,,,,,,,1.112091302871704,,,,,,
25699,53.0,,,,,,,,,,,,0.7624164819717407,,,,,,
25749,53.0,,,,,,,,,,,,0.9603358507156372,,,,,,
25799,53.0,,,,,,,,,,,,1.0622775554656982,,,,,,
25849,53.0,,,,,,,,,,,,0.992057740688324,,,,,,
25899,53.0,,,,,,,,,,,,0.9639952182769775,,,,,,
25919,53.0,,,,,,,,0.0,0.0,0.0,0.0,,3.639356145868078e-05,27.182100296020508,1.2405848503112793,14.31103229522705,11.63048267364502,0.8047071099281311
25920,,,3.593159271986224e-05,,,,,,,,,,,,,,,,
25949,54.0,,,,,,,,,,,,0.9849051237106323,,,,,,
25999,54.0,,,,,,,,,,,,1.0637072324752808,,,,,,
26049,54.0,,,,,,,,,,,,0.8159366846084595,,,,,,
26099,54.0,,,,,,,,,,,,0.8413940668106079,,,,,,
26149,54.0,,,,,,,,,,,,0.6593732833862305,,,,,,
26199,54.0,,,,,,,,,,,,0.6684044003486633,,,,,,
26249,54.0,,,,,,,,,,,,0.8760097622871399,,,,,,
26299,54.0,,,,,,,,,,,,0.7762769460678101,,,,,,
26349,54.0,,,,,,,,,,,,0.9060658812522888,,,,,,
26399,54.0,,,,,,,,0.0,0.0,0.0,0.0,0.8121317625045776,3.593159271986224e-05,27.40363311767578,1.3956578969955444,14.820558547973633,11.187417030334473,0.7894185185432434
26400,,,3.5465047403704375e-05,,,,,,,,,,,,,,,,
26449,55.0,,,,,,,,,,,,0.9856815338134766,,,,,,
26499,55.0,,,,,,,,,,,,1.0721532106399536,,,,,,
26549,55.0,,,,,,,,,,,,0.8612714409828186,,,,,,
26599,55.0,,,,,,,,,,,,0.9564307928085327,,,,,,
26649,55.0,,,,,,,,,,,,0.964248776435852,,,,,,
26699,55.0,,,,,,,,,,,,1.094559907913208,,,,,,
26749,55.0,,,,,,,,,,,,0.8703714609146118,,,,,,
26799,55.0,,,,,,,,,,,,0.7017010450363159,,,,,,
26849,55.0,,,,,,,,,,,,1.0428049564361572,,,,,,
26879,55.0,,,,,,,,0.0,0.0,0.0,0.0,,3.5465047403704375e-05,26.18520164489746,1.4621179103851318,13.048294067382812,11.674789428710938,0.7784438133239746
26880,,,3.4994132874999195e-05,,,,,,,,,,,,,,,,
26899,56.0,,,,,,,,,,,,0.8958333730697632,,,,,,
26949,56.0,,,,,,,,,,,,0.9494327306747437,,,,,,
26999,56.0,,,,,,,,,,,,1.077101230621338,,,,,,
27049,56.0,,,,,,,,,,,,0.8766555190086365,,,,,,
27099,56.0,,,,,,,,,,,,0.9266183376312256,,,,,,
27149,56.0,,,,,,,,,,,,0.8445555567741394,,,,,,
27199,56.0,,,,,,,,,,,,0.9496512413024902,,,,,,
27249,56.0,,,,,,,,,,,,1.0157121419906616,,,,,,
27299,56.0,,,,,,,,,,,,1.0671415328979492,,,,,,
27349,56.0,,,,,,,,,,,,0.9572621583938599,,,,,,
27359,56.0,,,,,,,,0.0,0.0,0.0,0.0,,3.4994132874999195e-05,26.273815155029297,1.373504638671875,13.40274715423584,11.497563362121582,0.792377769947052
27360,,,3.4519052860559896e-05,,,,,,,,,,,,,,,,
27399,57.0,,,,,,,,,,,,0.7963261604309082,,,,,,
27449,57.0,,,,,,,,,,,,0.8348280787467957,,,,,,
27499,57.0,,,,,,,,,,,,0.859998345375061,,,,,,
27549,57.0,,,,,,,,,,,,0.8846641778945923,,,,,,
27599,57.0,,,,,,,,,,,,0.7501934170722961,,,,,,
27649,57.0,,,,,,,,,,,,0.8888334035873413,,,,,,
27699,57.0,,,,,,,,,,,,0.7941826581954956,,,,,,
27749,57.0,,,,,,,,,,,,0.7829813957214355,,,,,,
27799,57.0,,,,,,,,,,,,0.8812508583068848,,,,,,
27839,57.0,,,,,,,,0.0,0.0,0.0,0.0,,3.4519052860559896e-05,25.34337615966797,1.7722641229629517,11.5418701171875,12.029242515563965,0.7831648588180542
27840,,,3.404001472517848e-05,,,,,,,,,,,,,,,,
27849,58.0,,,,,,,,,,,,0.8366689682006836,,,,,,
27899,58.0,,,,,,,,,,,,0.8631678819656372,,,,,,
27949,58.0,,,,,,,,,,,,0.8403581380844116,,,,,,
27999,58.0,,,,,,,,,,,,0.618671715259552,,,,,,
28049,58.0,,,,,,,,,,,,0.8601827621459961,,,,,,
28099,58.0,,,,,,,,,,,,0.7277419567108154,,,,,,
28149,58.0,,,,,,,,,,,,0.9651191234588623,,,,,,
28199,58.0,,,,,,,,,,,,0.8618847131729126,,,,,,
28249,58.0,,,,,,,,,,,,0.8057435750961304,,,,,,
28299,58.0,,,,,,,,,,,,0.982610821723938,,,,,,
28319,58.0,,,,,,,,0.0,0.0,0.0,0.0,,3.404001472517848e-05,26.42888832092285,1.5950376987457275,13.336287498474121,11.497563362121582,0.7977556586265564
28320,,,3.355723310960457e-05,,,,,,,,,,,,,,,,
28349,59.0,,,,,,,,,,,,0.7558881044387817,,,,,,
28399,59.0,,,,,,,,,,,,0.6452754735946655,,,,,,
28449,59.0,,,,,,,,,,,,0.8059682846069336,,,,,,
28499,59.0,,,,,,,,,,,,0.8263450860977173,,,,,,
28549,59.0,,,,,,,,,,,,0.7370495796203613,,,,,,
28599,59.0,,,,,,,,,,,,0.6431461572647095,,,,,,
28649,59.0,,,,,,,,,,,,0.8050750494003296,,,,,,
28699,59.0,,,,,,,,,,,,0.8152024745941162,,,,,,
28749,59.0,,,,,,,,,,,,0.8308464288711548,,,,,,
28799,59.0,,,,,,,,0.0,0.0,0.0,0.0,0.8175605535507202,3.355723310960457e-05,25.7642879486084,1.3291980028152466,12.671688079833984,11.763402938842773,0.774884045124054
28800,,,3.307091537863016e-05,,,,,,,,,,,,,,,,
28849,60.0,,,,,,,,,,,,0.7587701082229614,,,,,,
28899,60.0,,,,,,,,,,,,0.8733479380607605,,,,,,
28949,60.0,,,,,,,,,,,,0.8996270298957825,,,,,,
28999,60.0,,,,,,,,,,,,0.9306187629699707,,,,,,
29049,60.0,,,,,,,,,,,,0.6628412008285522,,,,,,
29099,60.0,,,,,,,,,,,,0.8988679647445679,,,,,,
29149,60.0,,,,,,,,,,,,0.9417941570281982,,,,,,
29199,60.0,,,,,,,,,,,,0.900438129901886,,,,,,
29249,60.0,,,,,,,,,,,,0.7385039925575256,,,,,,
29279,60.0,,,,,,,,0.0,0.0,0.0,0.0,,3.307091537863016e-05,25.254762649536133,1.4178112745285034,11.785555839538574,12.051395416259766,0.7636528015136719
29280,,,3.258127981098369e-05,,,,,,,,,,,,,,,,
29299,61.0,,,,,,,,,,,,0.7765164375305176,,,,,,
29349,61.0,,,,,,,,,,,,0.677308976650238,,,,,,
29399,61.0,,,,,,,,,,,,0.8057368397712708,,,,,,
29449,61.0,,,,,,,,,,,,0.804218053817749,,,,,,
29499,61.0,,,,,,,,,,,,0.8102046251296997,,,,,,
29549,61.0,,,,,,,,,,,,0.7993998527526855,,,,,,
29599,61.0,,,,,,,,,,,,0.7926878333091736,,,,,,
29649,61.0,,,,,,,,,,,,0.8596774935722351,,,,,,
29699,61.0,,,,,,,,,,,,0.9343557357788086,,,,,,
29749,61.0,,,,,,,,,,,,0.7999991178512573,,,,,,
29759,61.0,,,,,,,,0.0,0.0,0.0,0.0,,3.258127981098369e-05,24.72308349609375,1.8387240171432495,10.633584022521973,12.250775337219238,0.7876540422439575
29760,,,3.208853740943596e-05,,,,,,,,,,,,,,,,
29799,62.0,,,,,,,,,,,,0.9452478289604187,,,,,,
29849,62.0,,,,,,,,,,,,1.2174170017242432,,,,,,
29899,62.0,,,,,,,,,,,,0.6533112525939941,,,,,,
29949,62.0,,,,,,,,,,,,0.8990358114242554,,,,,,
29999,62.0,,,,,,,,,,,,0.8265185952186584,,,,,,
30049,62.0,,,,,,,,,,,,0.7189373970031738,,,,,,
30099,62.0,,,,,,,,,,,,0.9067298769950867,,,,,,
30149,62.0,,,,,,,,,,,,0.6657427549362183,,,,,,
30199,62.0,,,,,,,,,,,,0.9341459274291992,,,,,,
30239,62.0,,,,,,,,0.0,0.0,0.0,0.0,,3.208853740943596e-05,24.324323654174805,1.8165706396102905,11.010190963745117,11.497563362121582,0.7492028474807739
30240,,,3.159290281473659e-05,,,,,,,,,,,,,,,,
30249,63.0,,,,,,,,,,,,0.7922523617744446,,,,,,
30299,63.0,,,,,,,,,,,,1.0676913261413574,,,,,,
30349,63.0,,,,,,,,,,,,0.8144134283065796,,,,,,
30399,63.0,,,,,,,,,,,,0.9130327701568604,,,,,,
30449,63.0,,,,,,,,,,,,0.6507923007011414,,,,,,
30499,63.0,,,,,,,,,,,,0.8797115087509155,,,,,,
30549,63.0,,,,,,,,,,,,1.0509564876556396,,,,,,
30599,63.0,,,,,,,,,,,,0.9088715314865112,,,,,,
30649,63.0,,,,,,,,,,,,0.790148138999939,,,,,,
30699,63.0,,,,,,,,,,,,0.8050769567489624,,,,,,
30719,63.0,,,,,,,,0.0,0.0,0.0,0.0,,3.159290281473659e-05,26.628267288208008,1.6393442153930664,12.893220901489258,12.095702171325684,0.786292314529419
30720,,,3.1094597943592817e-05,,,,,,,,,,,,,,,,
30749,64.0,,,,,,,,,,,,1.0331754684448242,,,,,,
30799,64.0,,,,,,,,,,,,1.116306185722351,,,,,,
30849,64.0,,,,,,,,,,,,0.712417483329773,,,,,,
30899,64.0,,,,,,,,,,,,0.9746917486190796,,,,,,
30949,64.0,,,,,,,,,,,,0.7467259764671326,,,,,,
30999,64.0,,,,,,,,,,,,0.9031664133071899,,,,,,
31049,64.0,,,,,,,,,,,,0.9239575862884521,,,,,,
31099,64.0,,,,,,,,,,,,0.802700400352478,,,,,,
31149,64.0,,,,,,,,,,,,0.8817721605300903,,,,,,
31199,64.0,,,,,,,,0.0,0.0,0.0,0.0,1.2472009658813477,3.1094597943592817e-05,26.207355499267578,1.373504638671875,13.469206809997559,11.364643096923828,0.7758232951164246
31200,,,3.0593837436754256e-05,,,,,,,,,,,,,,,,
31249,65.0,,,,,,,,,,,,0.7116961479187012,,,,,,
31299,65.0,,,,,,,,,,,,0.7335876226425171,,,,,,
31349,65.0,,,,,,,,,,,,0.641851544380188,,,,,,
31399,65.0,,,,,,,,,,,,1.0757004022598267,,,,,,
31449,65.0,,,,,,,,,,,,0.7960406541824341,,,,,,
31499,65.0,,,,,,,,,,,,0.7691532373428345,,,,,,
31549,65.0,,,,,,,,,,,,0.7842491269111633,,,,,,
31599,65.0,,,,,,,,,,,,0.732386589050293,,,,,,
31649,65.0,,,,,,,,,,,,0.8594295978546143,,,,,,
31679,65.0,,,,,,,,0.0,0.0,0.0,0.0,,3.0593837436754256e-05,24.745237350463867,1.4842711687088013,11.475409507751465,11.785555839538574,0.7631632089614868
31680,,,3.009084139193874e-05,,,,,,,,,,,,,,,,
31699,66.0,,,,,,,,,,,,0.5165741443634033,,,,,,
31749,66.0,,,,,,,,,,,,0.902135968208313,,,,,,
31799,66.0,,,,,,,,,,,,0.7467895150184631,,,,,,
31849,66.0,,,,,,,,,,,,0.6366620063781738,,,,,,
31899,66.0,,,,,,,,,,,,0.8262385129928589,,,,,,
31949,66.0,,,,,,,,,,,,0.6659150719642639,,,,,,
31999,66.0,,,,,,,,,,,,0.64475417137146,,,,,,
32049,66.0,,,,,,,,,,,,0.7968825101852417,,,,,,
32099,66.0,,,,,,,,,,,,0.702288031578064,,,,,,
32149,66.0,,,,,,,,,,,,0.8961988687515259,,,,,,
32159,66.0,,,,,,,,0.0,0.0,0.0,0.0,,3.009084139193874e-05,25.63136863708496,1.6393442153930664,12.317234992980957,11.674789428710938,0.7588847279548645
32160,,,2.95858335448429e-05,,,,,,,,,,,,,,,,
32199,67.0,,,,,,,,,,,,0.6816920042037964,,,,,,
32249,67.0,,,,,,,,,,,,1.063515305519104,,,,,,
32299,67.0,,,,,,,,,,,,0.7700557708740234,,,,,,
32349,67.0,,,,,,,,,,,,0.984096109867096,,,,,,
32399,67.0,,,,,,,,,,,,0.8206107020378113,,,,,,
32449,67.0,,,,,,,,,,,,1.0139813423156738,,,,,,
32499,67.0,,,,,,,,,,,,0.8715200424194336,,,,,,
32549,67.0,,,,,,,,,,,,0.8167276382446289,,,,,,
32599,67.0,,,,,,,,,,,,0.81496262550354,,,,,,
32639,67.0,,,,,,,,0.0,0.0,0.0,0.0,,2.95858335448429e-05,24.811697006225586,1.373504638671875,11.497563362121582,11.940629005432129,0.7720780372619629
32640,,,2.9079033993184566e-05,,,,,,,,,,,,,,,,
32649,68.0,,,,,,,,,,,,0.9275251626968384,,,,,,
32699,68.0,,,,,,,,,,,,0.7666442394256592,,,,,,
32749,68.0,,,,,,,,,,,,0.6958317756652832,,,,,,
32799,68.0,,,,,,,,,,,,0.8142664432525635,,,,,,
32849,68.0,,,,,,,,,,,,0.7425366640090942,,,,,,
32899,68.0,,,,,,,,,,,,1.168208360671997,,,,,,
32949,68.0,,,,,,,,,,,,1.038580060005188,,,,,,
32999,68.0,,,,,,,,,,,,0.7977777719497681,,,,,,
33049,68.0,,,,,,,,,,,,0.6854478120803833,,,,,,
33099,68.0,,,,,,,,,,,,0.8122293949127197,,,,,,
33119,68.0,,,,,,,,0.0,0.0,0.0,0.0,,2.9079033993184566e-05,23.6818790435791,1.4399645328521729,11.120957374572754,11.120957374572754,0.7408347725868225
33120,,,2.8570664653670974e-05,,,,,,,,,,,,,,,,
33149,69.0,,,,,,,,,,,,0.9896822571754456,,,,,,
33199,69.0,,,,,,,,,,,,0.8138217329978943,,,,,,
33249,69.0,,,,,,,,,,,,0.7707889080047607,,,,,,
33299,69.0,,,,,,,,,,,,0.7932056188583374,,,,,,
33349,69.0,,,,,,,,,,,,0.7143112421035767,,,,,,
33399,69.0,,,,,,,,,,,,0.9583985805511475,,,,,,
33449,69.0,,,,,,,,,,,,0.7332244515419006,,,,,,
33499,69.0,,,,,,,,,,,,0.6074362993240356,,,,,,
33549,69.0,,,,,,,,,,,,0.7108631730079651,,,,,,
33599,69.0,,,,,,,,0.0,0.0,0.0,0.0,0.8417923450469971,2.8570664653670974e-05,24.16925048828125,1.6614975929260254,11.408949851989746,11.098803520202637,0.7683032155036926
33600,,,2.8060947443009354e-05,,,,,,,,,,,,,,,,
33649,70.0,,,,,,,,,,,,0.7845631241798401,,,,,,
33699,70.0,,,,,,,,,,,,0.9140333533287048,,,,,,
33749,70.0,,,,,,,,,,,,0.796541690826416,,,,,,
33799,70.0,,,,,,,,,,,,0.6997327208518982,,,,,,
33849,70.0,,,,,,,,,,,,0.8116104602813721,,,,,,
33899,70.0,,,,,,,,,,,,0.942624568939209,,,,,,
33949,70.0,,,,,,,,,,,,0.9766073822975159,,,,,,
33999,70.0,,,,,,,,,,,,0.9897147417068481,,,,,,
34049,70.0,,,,,,,,,,,,0.8894900679588318,,,,,,
34079,70.0,,,,,,,,0.0,0.0,0.0,0.0,,2.8060947443009354e-05,23.99202537536621,1.3291980028152466,11.5418701171875,11.120957374572754,0.7338195443153381
34080,,,2.7550107915885746e-05,,,,,,,,,,,,,,,,
34099,71.0,,,,,,,,,,,,0.6732337474822998,,,,,,
34149,71.0,,,,,,,,,,,,0.8524363040924072,,,,,,
34199,71.0,,,,,,,,,,,,0.749691367149353,,,,,,
34249,71.0,,,,,,,,,,,,0.6735879182815552,,,,,,
34299,71.0,,,,,,,,,,,,0.918174147605896,,,,,,
34349,71.0,,,,,,,,,,,,0.5604928135871887,,,,,,
34399,71.0,,,,,,,,,,,,0.9391559362411499,,,,,,
34449,71.0,,,,,,,,,,,,0.6657273769378662,,,,,,
34499,71.0,,,,,,,,,,,,0.7203148603439331,,,,,,
34549,71.0,,,,,,,,,,,,0.7810448408126831,,,,,,
34559,71.0,,,,,,,,0.0,0.0,0.0,0.0,,2.7550107915885746e-05,23.548959732055664,1.5507310628890991,10.434205055236816,11.5640230178833,0.7432063817977905
34560,,,2.7038367989007384e-05,,,,,,,,,,,,,,,,
34599,72.0,,,,,,,,,,,,0.5735192894935608,,,,,,
34649,72.0,,,,,,,,,,,,0.8851678371429443,,,,,,
34699,72.0,,,,,,,,,,,,0.6475041508674622,,,,,,
34749,72.0,,,,,,,,,,,,0.5844824314117432,,,,,,
34799,72.0,,,,,,,,,,,,0.6629600524902344,,,,,,
34849,72.0,,,,,,,,,,,,0.5374810695648193,,,,,,
34899,72.0,,,,,,,,,,,,0.5980349183082581,,,,,,
34949,72.0,,,,,,,,,,,,0.8002046346664429,,,,,,
34999,72.0,,,,,,,,,,,,1.044966220855713,,,,,,
35039,72.0,,,,,,,,0.0,0.0,0.0,0.0,,2.7038367989007384e-05,22.972972869873047,1.7501107454299927,9.171466827392578,12.051395416259766,0.7367287874221802
35040,,,2.6525953217060305e-05,,,,,,,,,,,,,,,,
35049,73.0,,,,,,,,,,,,0.7745852470397949,,,,,,
35099,73.0,,,,,,,,,,,,0.5650418996810913,,,,,,
35149,73.0,,,,,,,,,,,,0.849571943283081,,,,,,
35199,73.0,,,,,,,,,,,,0.5365060567855835,,,,,,
35249,73.0,,,,,,,,,,,,0.8367231488227844,,,,,,
35299,73.0,,,,,,,,,,,,0.7090346217155457,,,,,,
35349,73.0,,,,,,,,,,,,0.71892911195755,,,,,,
35399,73.0,,,,,,,,,,,,0.7154813408851624,,,,,,
35449,73.0,,,,,,,,,,,,0.8355792760848999,,,,,,
35499,73.0,,,,,,,,,,,,0.8169387578964233,,,,,,
35519,73.0,,,,,,,,0.0,0.0,0.0,0.0,,2.6525953217060305e-05,23.74833869934082,1.860877275466919,10.279131889343262,11.608329772949219,0.7565840482711792
35520,,,2.601308915473055e-05,,,,,,,,,,,,,,,,
35549,74.0,,,,,,,,,,,,0.6952147483825684,,,,,,
35599,74.0,,,,,,,,,,,,1.0636999607086182,,,,,,
35649,74.0,,,,,,,,,,,,0.6942815780639648,,,,,,
35699,74.0,,,,,,,,,,,,0.9040219783782959,,,,,,
35749,74.0,,,,,,,,,,,,0.6943008899688721,,,,,,
35799,74.0,,,,,,,,,,,,0.7078271508216858,,,,,,
35849,74.0,,,,,,,,,,,,0.859062910079956,,,,,,
35899,74.0,,,,,,,,,,,,0.6469286680221558,,,,,,
35949,74.0,,,,,,,,,,,,0.8277479410171509,,,,,,
35999,74.0,,,,,,,,0.0,0.0,0.0,0.0,0.5363277196884155,2.601308915473055e-05,24.324323654174805,1.4842711687088013,11.431103706359863,11.408949851989746,0.7589995861053467
36000,,,2.5499999537714757e-05,,,,,,,,,,,,,,,,
36049,75.0,,,,,,,,,,,,0.7342650890350342,,,,,,
36099,75.0,,,,,,,,,,,,0.5462799668312073,,,,,,
36149,75.0,,,,,,,,,,,,0.7304096221923828,,,,,,
36199,75.0,,,,,,,,,,,,0.8383225202560425,,,,,,
36249,75.0,,,,,,,,,,,,0.6232399344444275,,,,,,
36299,75.0,,,,,,,,,,,,0.7003674507141113,,,,,,
36349,75.0,,,,,,,,,,,,0.7681624889373779,,,,,,
36399,75.0,,,,,,,,,,,,0.9342470765113831,,,,,,
36449,75.0,,,,,,,,,,,,0.6683632135391235,,,,,,
36479,75.0,,,,,,,,0.0,0.0,0.0,0.0,,2.5499999537714757e-05,23.039432525634766,1.7501107454299927,10.700044631958008,10.589278221130371,0.7045338153839111
36480,,,2.4986909920698963e-05,,,,,,,,,,,,,,,,
36499,76.0,,,,,,,,,,,,0.7202276587486267,,,,,,
36549,76.0,,,,,,,,,,,,0.8298303484916687,,,,,,
36599,76.0,,,,,,,,,,,,0.6307615041732788,,,,,,
36649,76.0,,,,,,,,,,,,0.5338698029518127,,,,,,
36699,76.0,,,,,,,,,,,,0.617666482925415,,,,,,
36749,76.0,,,,,,,,,,,,0.8233136534690857,,,,,,
36799,76.0,,,,,,,,,,,,0.8171378374099731,,,,,,
36849,76.0,,,,,,,,,,,,0.821408748626709,,,,,,
36899,76.0,,,,,,,,,,,,0.6308599710464478,,,,,,
36949,76.0,,,,,,,,,,,,0.5764611959457397,,,,,,
36959,76.0,,,,,,,,0.0,0.0,0.0,0.0,,2.4986909920698963e-05,22.21976089477539,2.303943395614624,8.529021263122559,11.386796951293945,0.7162473201751709
36960,,,2.447404585836921e-05,,,,,,,,,,,,,,,,
36999,77.0,,,,,,,,,,,,0.7560185790061951,,,,,,
37049,77.0,,,,,,,,,,,,0.7012193202972412,,,,,,
37099,77.0,,,,,,,,,,,,0.7930986881256104,,,,,,
37149,77.0,,,,,,,,,,,,0.5080221891403198,,,,,,
37199,77.0,,,,,,,,,,,,0.6482514142990112,,,,,,
37249,77.0,,,,,,,,,,,,0.7839499711990356,,,,,,
37299,77.0,,,,,,,,,,,,0.932892382144928,,,,,,
37349,77.0,,,,,,,,,,,,0.5252560973167419,,,,,,
37399,77.0,,,,,,,,,,,,0.7988728284835815,,,,,,
37439,77.0,,,,,,,,0.0,0.0,0.0,0.0,,2.447404585836921e-05,22.618520736694336,1.5728843212127686,9.703145980834961,11.342490196228027,0.7154419422149658
37440,,,2.3961632905411534e-05,,,,,,,,,,,,,,,,
37449,78.0,,,,,,,,,,,,0.8803839087486267,,,,,,
37499,78.0,,,,,,,,,,,,0.6973044872283936,,,,,,
37549,78.0,,,,,,,,,,,,0.8515250086784363,,,,,,
37599,78.0,,,,,,,,,,,,0.6417326331138611,,,,,,
37649,78.0,,,,,,,,,,,,0.800719141960144,,,,,,
37699,78.0,,,,,,,,,,,,0.6857619881629944,,,,,,
37749,78.0,,,,,,,,,,,,0.6032121181488037,,,,,,
37799,78.0,,,,,,,,,,,,0.6049631237983704,,,,,,
37849,78.0,,,,,,,,,,,,0.9507607817649841,,,,,,
37899,78.0,,,,,,,,,,,,0.8274121284484863,,,,,,
37919,78.0,,,,,,,,0.0,0.0,0.0,0.0,,2.3961632905411534e-05,22.707134246826172,1.617190957069397,9.570225715637207,11.519716262817383,0.7127916812896729
37920,,,2.344989297853317e-05,,,,,,,,,,,,,,,,
37949,79.0,,,,,,,,,,,,0.5518584251403809,,,,,,
37999,79.0,,,,,,,,,,,,0.608038067817688,,,,,,
38049,79.0,,,,,,,,,,,,0.7186657786369324,,,,,,
38099,79.0,,,,,,,,,,,,0.8890213966369629,,,,,,
38149,79.0,,,,,,,,,,,,0.603851854801178,,,,,,
38199,79.0,,,,,,,,,,,,0.9455388784408569,,,,,,
38249,79.0,,,,,,,,,,,,0.6523966789245605,,,,,,
38299,79.0,,,,,,,,,,,,0.7836872339248657,,,,,,
38349,79.0,,,,,,,,,,,,0.5579128861427307,,,,,,
38399,79.0,,,,,,,,0.0,0.0,0.0,0.0,0.45588192343711853,2.344989297853317e-05,22.507753372192383,1.8165706396102905,9.45945930480957,11.23172378540039,0.7216100692749023
38400,,,2.2939053451409563e-05,,,,,,,,,,,,,,,,
38449,80.0,,,,,,,,,,,,0.9199119210243225,,,,,,
38499,80.0,,,,,,,,,,,,0.8436185121536255,,,,,,
38549,80.0,,,,,,,,,,,,0.41952645778656006,,,,,,
38599,80.0,,,,,,,,,,,,0.6427406072616577,,,,,,
38649,80.0,,,,,,,,,,,,0.5797924995422363,,,,,,
38699,80.0,,,,,,,,,,,,0.7527395486831665,,,,,,
38749,80.0,,,,,,,,,,,,0.6246100068092346,,,,,,
38799,80.0,,,,,,,,,,,,0.8752520084381104,,,,,,
38849,80.0,,,,,,,,,,,,0.7623440623283386,,,,,,
38879,80.0,,,,,,,,0.0,0.0,0.0,0.0,,2.2939053451409563e-05,22.684980392456055,1.9716438055038452,9.237926483154297,11.475409507751465,0.723285973072052
38880,,,2.2429336240747944e-05,,,,,,,,,,,,,,,,
38899,81.0,,,,,,,,,,,,0.8752182722091675,,,,,,
38949,81.0,,,,,,,,,,,,0.8141161203384399,,,,,,
38999,81.0,,,,,,,,,,,,0.657638430595398,,,,,,
39049,81.0,,,,,,,,,,,,0.7849044799804688,,,,,,
39099,81.0,,,,,,,,,,,,0.6359864473342896,,,,,,
39149,81.0,,,,,,,,,,,,0.860222339630127,,,,,,
39199,81.0,,,,,,,,,,,,0.5509018301963806,,,,,,
39249,81.0,,,,,,,,,,,,0.8128265738487244,,,,,,
39299,81.0,,,,,,,,,,,,0.7719182968139648,,,,,,
39349,81.0,,,,,,,,,,,,0.628551721572876,,,,,,
39359,81.0,,,,,,,,0.0,0.0,0.0,0.0,,2.2429336240747944e-05,23.19450569152832,1.7279574871063232,9.924678802490234,11.5418701171875,0.7402832508087158
39360,,,2.1920965082244948e-05,,,,,,,,,,,,,,,,
39399,82.0,,,,,,,,,,,,0.7624846696853638,,,,,,
39449,82.0,,,,,,,,,,,,0.662007749080658,,,,,,
39499,82.0,,,,,,,,,,,,0.8912323117256165,,,,,,
39549,82.0,,,,,,,,,,,,0.6821407079696655,,,,,,
39599,82.0,,,,,,,,,,,,0.6585252285003662,,,,,,
39649,82.0,,,,,,,,,,,,0.6010032892227173,,,,,,
39699,82.0,,,,,,,,,,,,0.785943329334259,,,,,,
39749,82.0,,,,,,,,,,,,0.5728932023048401,,,,,,
39799,82.0,,,,,,,,,,,,0.7594568729400635,,,,,,
39839,82.0,,,,,,,,0.0,0.0,0.0,0.0,,2.1920965082244948e-05,23.01727867126465,1.4621179103851318,10.522817611694336,11.032343864440918,0.7414783835411072
39840,,,2.1414165530586615e-05,,,,,,,,,,,,,,,,
39849,83.0,,,,,,,,,,,,0.6436138153076172,,,,,,
39899,83.0,,,,,,,,,,,,0.9734248518943787,,,,,,
39949,83.0,,,,,,,,,,,,0.7271661758422852,,,,,,
39999,83.0,,,,,,,,,,,,0.6182985901832581,,,,,,
40049,83.0,,,,,,,,,,,,0.6016583442687988,,,,,,
40099,83.0,,,,,,,,,,,,0.6451528072357178,,,,,,
40149,83.0,,,,,,,,,,,,0.6357672214508057,,,,,,
40199,83.0,,,,,,,,,,,,0.7398989796638489,,,,,,
40249,83.0,,,,,,,,,,,,0.7355681657791138,,,,,,
40299,83.0,,,,,,,,,,,,0.5488147735595703,,,,,,
40319,83.0,,,,,,,,0.0,0.0,0.0,0.0,,2.1414165530586615e-05,22.618520736694336,1.860877275466919,9.503766059875488,11.253876686096191,0.7261362671852112
40320,,,2.0909157683490776e-05,,,,,,,,,,,,,,,,
40349,84.0,,,,,,,,,,,,0.4691088795661926,,,,,,
40399,84.0,,,,,,,,,,,,0.9765233397483826,,,,,,
40449,84.0,,,,,,,,,,,,0.8136846423149109,,,,,,
40499,84.0,,,,,,,,,,,,0.7213303446769714,,,,,,
40549,84.0,,,,,,,,,,,,0.6538495421409607,,,,,,
40599,84.0,,,,,,,,,,,,0.6026724576950073,,,,,,
40649,84.0,,,,,,,,,,,,0.5169810056686401,,,,,,
40699,84.0,,,,,,,,,,,,0.6340425610542297,,,,,,
40749,84.0,,,,,,,,,,,,0.6963184475898743,,,,,,
40799,84.0,,,,,,,,0.0,0.0,0.0,0.0,0.5734713673591614,2.0909157683490776e-05,22.59636688232422,1.4178112745285034,10.035445213317871,11.143110275268555,0.729037880897522
40800,,,2.040616345766466e-05,,,,,,,,,,,,,,,,
40849,85.0,,,,,,,,,,,,0.8158146142959595,,,,,,
40899,85.0,,,,,,,,,,,,0.5153122544288635,,,,,,
40949,85.0,,,,,,,,,,,,0.7046046257019043,,,,,,
40999,85.0,,,,,,,,,,,,0.6338127851486206,,,,,,
41049,85.0,,,,,,,,,,,,0.6521841287612915,,,,,,
41099,85.0,,,,,,,,,,,,0.6370395421981812,,,,,,
41149,85.0,,,,,,,,,,,,0.7832958698272705,,,,,,
41199,85.0,,,,,,,,,,,,0.7679031491279602,,,,,,
41249,85.0,,,,,,,,,,,,0.6425695419311523,,,,,,
41279,85.0,,,,,,,,0.0,0.0,0.0,0.0,,2.040616345766466e-05,22.33052635192871,1.8830305337905884,8.684093475341797,11.763402938842773,0.7179551720619202
41280,,,1.99054029508261e-05,,,,,,,,,,,,,,,,
41299,86.0,,,,,,,,,,,,0.6966601610183716,,,,,,
41349,86.0,,,,,,,,,,,,0.5974853038787842,,,,,,
41399,86.0,,,,,,,,,,,,0.6849642395973206,,,,,,
41449,86.0,,,,,,,,,,,,0.705132007598877,,,,,,
41499,86.0,,,,,,,,,,,,0.6047930121421814,,,,,,
41549,86.0,,,,,,,,,,,,0.6915014386177063,,,,,,
41599,86.0,,,,,,,,,,,,0.708300769329071,,,,,,
41649,86.0,,,,,,,,,,,,0.60606849193573,,,,,,
41699,86.0,,,,,,,,,,,,0.6105540990829468,,,,,,
41749,86.0,,,,,,,,,,,,0.5892367959022522,,,,,,
41759,86.0,,,,,,,,0.0,0.0,0.0,0.0,,1.99054029508261e-05,21.200708389282227,1.9494904279708862,8.418253898620605,10.832963943481445,0.6943709850311279
41760,,,1.9407098079682328e-05,,,,,,,,,,,,,,,,
41799,87.0,,,,,,,,,,,,0.9539390206336975,,,,,,
41849,87.0,,,,,,,,,,,,0.7318676710128784,,,,,,
41899,87.0,,,,,,,,,,,,0.7121301889419556,,,,,,
41949,87.0,,,,,,,,,,,,0.812258243560791,,,,,,
41999,87.0,,,,,,,,,,,,0.6336819529533386,,,,,,
42049,87.0,,,,,,,,,,,,0.839951753616333,,,,,,
42099,87.0,,,,,,,,,,,,0.7667717933654785,,,,,,
42149,87.0,,,,,,,,,,,,0.6085468530654907,,,,,,
42199,87.0,,,,,,,,,,,,0.731667160987854,,,,,,
42239,87.0,,,,,,,,0.0,0.0,0.0,0.0,,1.9407098079682328e-05,20.957021713256836,1.7501107454299927,8.418253898620605,10.788657188415527,0.6918922662734985
42240,,,1.8911465303972363e-05,,,,,,,,,,,,,,,,
42249,88.0,,,,,,,,,,,,0.7673462629318237,,,,,,
42299,88.0,,,,,,,,,,,,0.9202325940132141,,,,,,
42349,88.0,,,,,,,,,,,,0.6133466958999634,,,,,,
42399,88.0,,,,,,,,,,,,0.3932165205478668,,,,,,
42449,88.0,,,,,,,,,,,,0.6602697372436523,,,,,,
42499,88.0,,,,,,,,,,,,0.6614300608634949,,,,,,
42549,88.0,,,,,,,,,,,,0.6230689287185669,,,,,,
42599,88.0,,,,,,,,,,,,0.513053297996521,,,,,,
42649,88.0,,,,,,,,,,,,0.6173964738845825,,,,,,
42699,88.0,,,,,,,,,,,,0.6487272381782532,,,,,,
42719,88.0,,,,,,,,0.0,0.0,0.0,0.0,,1.8911465303972363e-05,21.821001052856445,1.617190957069397,8.79486083984375,11.408949851989746,0.7035088539123535
42720,,,1.841872108343523e-05,,,,,,,,,,,,,,,,
42749,89.0,,,,,,,,,,,,0.5426386594772339,,,,,,
42799,89.0,,,,,,,,,,,,0.7624987363815308,,,,,,
42849,89.0,,,,,,,,,,,,0.8290109634399414,,,,,,
42899,89.0,,,,,,,,,,,,0.8912124633789062,,,,,,
42949,89.0,,,,,,,,,,,,0.574566125869751,,,,,,
42999,89.0,,,,,,,,,,,,0.6422452926635742,,,,,,
43049,89.0,,,,,,,,,,,,0.7671064138412476,,,,,,
43099,89.0,,,,,,,,,,,,0.7815640568733215,,,,,,
43149,89.0,,,,,,,,,,,,0.5959436297416687,,,,,,
43199,89.0,,,,,,,,0.0,0.0,0.0,0.0,0.6033793687820435,1.841872108343523e-05,21.178556442260742,1.6836508512496948,8.24102783203125,11.253876686096191,0.7083626985549927
43200,,,1.7929083696799353e-05,,,,,,,,,,,,,,,,
43249,90.0,,,,,,,,,,,,0.5893132090568542,,,,,,
43299,90.0,,,,,,,,,,,,0.6807735562324524,,,,,,
43349,90.0,,,,,,,,,,,,0.529596209526062,,,,,,
43399,90.0,,,,,,,,,,,,0.808474600315094,,,,,,
43449,90.0,,,,,,,,,,,,0.7636262774467468,,,,,,
43499,90.0,,,,,,,,,,,,0.5010876655578613,,,,,,
43549,90.0,,,,,,,,,,,,0.515216052532196,,,,,,
43599,90.0,,,,,,,,,,,,0.5644130706787109,,,,,,
43649,90.0,,,,,,,,,,,,0.5287309885025024,,,,,,
43679,90.0,,,,,,,,0.0,0.0,0.0,0.0,,1.7929083696799353e-05,21.55516242980957,1.7501107454299927,8.994239807128906,10.810811042785645,0.7021257281303406
43680,,,1.744276778481435e-05,,,,,,,,,,,,,,,,
43699,91.0,,,,,,,,,,,,0.556212306022644,,,,,,
43749,91.0,,,,,,,,,,,,0.672731339931488,,,,,,
43799,91.0,,,,,,,,,,,,0.6281078457832336,,,,,,
43849,91.0,,,,,,,,,,,,0.664261519908905,,,,,,
43899,91.0,,,,,,,,,,,,0.6098767518997192,,,,,,
43949,91.0,,,,,,,,,,,,0.6203945279121399,,,,,,
43999,91.0,,,,,,,,,,,,0.5826026797294617,,,,,,
44049,91.0,,,,,,,,,,,,0.5269403457641602,,,,,,
44099,91.0,,,,,,,,,,,,0.6280843615531921,,,,,,
44149,91.0,,,,,,,,,,,,0.7294328212738037,,,,,,
44159,91.0,,,,,,,,0.0,0.0,0.0,0.0,,1.744276778481435e-05,22.020381927490234,2.0824103355407715,8.21887493133545,11.719096183776855,0.7126443386077881
44160,,,1.6959984350251034e-05,,,,,,,,,,,,,,,,
44199,92.0,,,,,,,,,,,,0.5600680112838745,,,,,,
44249,92.0,,,,,,,,,,,,0.7346623539924622,,,,,,
44299,92.0,,,,,,,,,,,,0.5814732313156128,,,,,,
44349,92.0,,,,,,,,,,,,0.645564079284668,,,,,,
44399,92.0,,,,,,,,,,,,0.6158633828163147,,,,,,
44449,92.0,,,,,,,,,,,,0.4416516423225403,,,,,,
44499,92.0,,,,,,,,,,,,0.8236271142959595,,,,,,
44549,92.0,,,,,,,,,,,,0.5859594941139221,,,,,,
44599,92.0,,,,,,,,,,,,0.6452932357788086,,,,,,
44639,92.0,,,,,,,,0.0,0.0,0.0,0.0,,1.6959984350251034e-05,21.333629608154297,1.8387240171432495,8.88347339630127,10.611431121826172,0.7026852369308472
44640,,,1.6480948033859022e-05,,,,,,,,,,,,,,,,
44649,93.0,,,,,,,,,,,,0.780950665473938,,,,,,
44699,93.0,,,,,,,,,,,,0.5354332327842712,,,,,,
44749,93.0,,,,,,,,,,,,0.7415823340415955,,,,,,
44799,93.0,,,,,,,,,,,,0.8678123354911804,,,,,,
44849,93.0,,,,,,,,,,,,0.5158026218414307,,,,,,
44899,93.0,,,,,,,,,,,,0.8367880582809448,,,,,,
44949,93.0,,,,,,,,,,,,0.6576459407806396,,,,,,
44999,93.0,,,,,,,,,,,,0.5046018362045288,,,,,,
45049,93.0,,,,,,,,,,,,0.4291836619377136,,,,,,
45099,93.0,,,,,,,,,,,,0.696943998336792,,,,,,
45119,93.0,,,,,,,,0.0,0.0,0.0,0.0,,1.6480948033859022e-05,20.779796600341797,1.8830305337905884,7.864421844482422,11.032343864440918,0.6934869885444641
45120,,,1.6005868019419722e-05,,,,,,,,,,,,,,,,
45149,94.0,,,,,,,,,,,,0.7086656093597412,,,,,,
45199,94.0,,,,,,,,,,,,0.5294435024261475,,,,,,
45249,94.0,,,,,,,,,,,,0.746155858039856,,,,,,
45299,94.0,,,,,,,,,,,,0.5834322571754456,,,,,,
45349,94.0,,,,,,,,,,,,0.7698845863342285,,,,,,
45399,94.0,,,,,,,,,,,,0.599149227142334,,,,,,
45449,94.0,,,,,,,,,,,,0.639263391494751,,,,,,
45499,94.0,,,,,,,,,,,,0.6680114269256592,,,,,,
45549,94.0,,,,,,,,,,,,0.46840834617614746,,,,,,
45599,94.0,,,,,,,,0.0,0.0,0.0,0.0,1.1010407209396362,1.6005868019419722e-05,20.8241024017334,2.215330123901367,7.487815856933594,11.120957374572754,0.7104350924491882
45600,,,1.553495167172514e-05,,,,,,,,,,,,,,,,
45649,95.0,,,,,,,,,,,,0.5734347105026245,,,,,,
45699,95.0,,,,,,,,,,,,0.5308806300163269,,,,,,
45749,95.0,,,,,,,,,,,,0.5607389211654663,,,,,,
45799,95.0,,,,,,,,,,,,0.49194562435150146,,,,,,
45849,95.0,,,,,,,,,,,,0.5438933968544006,,,,,,
45899,95.0,,,,,,,,,,,,0.4898604154586792,,,,,,
45949,95.0,,,,,,,,,,,,0.6472682952880859,,,,,,
45999,95.0,,,,,,,,,,,,0.5297349095344543,,,,,,
46049,95.0,,,,,,,,,,,,0.4374660849571228,,,,,,
46079,95.0,,,,,,,,0.0,0.0,0.0,0.0,,1.553495167172514e-05,21.178556442260742,1.9494904279708862,7.820115089416504,11.408949851989746,0.7223447561264038
46080,,,1.5068407265061978e-05,,,,,,,,,,,,,,,,
46099,96.0,,,,,,,,,,,,0.9076480865478516,,,,,,
46149,96.0,,,,,,,,,,,,0.9414919018745422,,,,,,
46199,96.0,,,,,,,,,,,,0.7801039814949036,,,,,,
46249,96.0,,,,,,,,,,,,0.6755177974700928,,,,,,
46299,96.0,,,,,,,,,,,,0.5495676398277283,,,,,,
46349,96.0,,,,,,,,,,,,0.6087438464164734,,,,,,
46399,96.0,,,,,,,,,,,,0.49397173523902893,,,,,,
46449,96.0,,,,,,,,,,,,0.6042527556419373,,,,,,
46499,96.0,,,,,,,,,,,,0.5685557723045349,,,,,,
46549,96.0,,,,,,,,,,,,0.8689572215080261,,,,,,
46559,96.0,,,,,,,,0.0,0.0,0.0,0.0,,1.5068407265061978e-05,20.491804122924805,1.5950376987457275,8.085954666137695,10.810811042785645,0.7089980244636536
46560,,,1.4606438526243437e-05,,,,,,,,,,,,,,,,
46599,97.0,,,,,,,,,,,,0.6793301105499268,,,,,,
46649,97.0,,,,,,,,,,,,0.9123203754425049,,,,,,
46699,97.0,,,,,,,,,,,,0.6755223274230957,,,,,,
46749,97.0,,,,,,,,,,,,0.6588271260261536,,,,,,
46799,97.0,,,,,,,,,,,,0.6242395043373108,,,,,,
46849,97.0,,,,,,,,,,,,0.5223000049591064,,,,,,
46899,97.0,,,,,,,,,,,,0.4463484585285187,,,,,,
46949,97.0,,,,,,,,,,,,0.6116089224815369,,,,,,
46999,97.0,,,,,,,,,,,,0.42073509097099304,,,,,,
47039,97.0,,,,,,,,0.0,0.0,0.0,0.0,,1.4606438526243437e-05,21.754541397094727,1.7058041095733643,9.149312973022461,10.899423599243164,0.702975869178772
47040,,,1.4149247363093309e-05,,,,,,,,,,,,,,,,
47049,98.0,,,,,,,,,,,,0.692042350769043,,,,,,
47099,98.0,,,,,,,,,,,,1.0058350563049316,,,,,,
47149,98.0,,,,,,,,,,,,0.5746040344238281,,,,,,
47199,98.0,,,,,,,,,,,,0.7235007286071777,,,,,,
47249,98.0,,,,,,,,,,,,0.7014684677124023,,,,,,
47299,98.0,,,,,,,,,,,,0.6996804475784302,,,,,,
47349,98.0,,,,,,,,,,,,0.4880107045173645,,,,,,
47399,98.0,,,,,,,,,,,,0.5140541791915894,,,,,,
47449,98.0,,,,,,,,,,,,0.5309292078018188,,,,,,
47499,98.0,,,,,,,,,,,,0.626844584941864,,,,,,
47519,98.0,,,,,,,,0.0,0.0,0.0,0.0,,1.4149247363093309e-05,20.44749641418457,1.860877275466919,7.90872859954834,10.67789077758789,0.7031108140945435
47520,,,1.3697034773940686e-05,,,,,,,,,,,,,,,,
47549,99.0,,,,,,,,,,,,0.39363786578178406,,,,,,
47599,99.0,,,,,,,,,,,,0.4589923620223999,,,,,,
47649,99.0,,,,,,,,,,,,0.8764773607254028,,,,,,
47699,99.0,,,,,,,,,,,,0.7423259615898132,,,,,,
47749,99.0,,,,,,,,,,,,0.535012423992157,,,,,,
47799,99.0,,,,,,,,,,,,0.5872501134872437,,,,,,
47849,99.0,,,,,,,,,,,,0.7317628264427185,,,,,,
47899,99.0,,,,,,,,,,,,0.6494102478027344,,,,,,
47949,99.0,,,,,,,,,,,,0.4842301607131958,,,,,,
47999,99.0,,,,,,,,0.0,0.0,0.0,0.0,0.701107919216156,1.3697034773940686e-05,20.80194854736328,1.5285778045654297,8.57332706451416,10.700044631958008,0.6982932686805725
48000,,,1.3249999938125256e-05,,,,,,,,,,,,,,,,
48049,100.0,,,,,,,,,,,,0.5721041560173035,,,,,,
48099,100.0,,,,,,,,,,,,0.6069455742835999,,,,,,
48149,100.0,,,,,,,,,,,,0.6523853540420532,,,,,,
48199,100.0,,,,,,,,,,,,0.526787519454956,,,,,,
48249,100.0,,,,,,,,,,,,0.5473785400390625,,,,,,
48299,100.0,,,,,,,,,,,,0.546998143196106,,,,,,
48349,100.0,,,,,,,,,,,,0.8045003414154053,,,,,,
48399,100.0,,,,,,,,,,,,0.6357312798500061,,,,,,
48449,100.0,,,,,,,,,,,,0.7378185987472534,,,,,,
48479,100.0,,,,,,,,0.0,0.0,0.0,0.0,,1.3249999938125256e-05,20.558263778686523,1.5507310628890991,7.930881500244141,11.076650619506836,0.7027637362480164
48480,,,1.2808338397007901e-05,,,,,,,,,,,,,,,,
48499,101.0,,,,,,,,,,,,0.4871750473976135,,,,,,
48549,101.0,,,,,,,,,,,,0.5676308274269104,,,,,,
48599,101.0,,,,,,,,,,,,0.6799107193946838,,,,,,
48649,101.0,,,,,,,,,,,,0.8168272972106934,,,,,,
48699,101.0,,,,,,,,,,,,0.6116759777069092,,,,,,
48749,101.0,,,,,,,,,,,,0.692038893699646,,,,,,
48799,101.0,,,,,,,,,,,,0.5527795553207397,,,,,,
48849,101.0,,,,,,,,,,,,0.471174955368042,,,,,,
48899,101.0,,,,,,,,,,,,0.6354520320892334,,,,,,
48949,101.0,,,,,,,,,,,,0.6146795749664307,,,,,,
48959,101.0,,,,,,,,0.0,0.0,0.0,0.0,,1.2808338397007901e-05,21.045635223388672,1.860877275466919,8.307487487792969,10.877270698547363,0.694066047668457
48960,,,1.2372243872960098e-05,,,,,,,,,,,,,,,,
48999,102.0,,,,,,,,,,,,0.5342698097229004,,,,,,
49049,102.0,,,,,,,,,,,,0.4790252447128296,,,,,,
49099,102.0,,,,,,,,,,,,0.8528801798820496,,,,,,
49149,102.0,,,,,,,,,,,,0.7731952667236328,,,,,,
49199,102.0,,,,,,,,,,,,0.5865495204925537,,,,,,
49249,102.0,,,,,,,,,,,,0.5337926745414734,,,,,,
49299,102.0,,,,,,,,,,,,0.6233643889427185,,,,,,
49349,102.0,,,,,,,,,,,,0.43697434663772583,,,,,,
49399,102.0,,,,,,,,,,,,0.9610418677330017,,,,,,
49439,102.0,,,,,,,,0.0,0.0,0.0,0.0,,1.2372243872960098e-05,20.979175567626953,1.8165706396102905,8.152414321899414,11.010190963745117,0.7126071453094482
49440,,,1.194190735986922e-05,,,,,,,,,,,,,,,,
49449,103.0,,,,,,,,,,,,0.6268253326416016,,,,,,
49499,103.0,,,,,,,,,,,,0.5887677669525146,,,,,,
49549,103.0,,,,,,,,,,,,0.6048425436019897,,,,,,
49599,103.0,,,,,,,,,,,,0.48858895897865295,,,,,,
49649,103.0,,,,,,,,,,,,0.7083626985549927,,,,,,
49699,103.0,,,,,,,,,,,,0.45591026544570923,,,,,,
49749,103.0,,,,,,,,,,,,0.46313464641571045,,,,,,
49799,103.0,,,,,,,,,,,,0.6022517681121826,,,,,,
49849,103.0,,,,,,,,,,,,0.515392541885376,,,,,,
49899,103.0,,,,,,,,,,,,0.7069053053855896,,,,,,
49919,103.0,,,,,,,,0.0,0.0,0.0,0.0,,1.194190735986922e-05,20.93486976623535,1.8165706396102905,8.285334587097168,10.832963943481445,0.6860982179641724
49920,,,1.1517518032633234e-05,,,,,,,,,,,,,,,,
49949,104.0,,,,,,,,,,,,0.5563841462135315,,,,,,
49999,104.0,,,,,,,,,,,,0.5801213979721069,,,,,,
50049,104.0,,,,,,,,,,,,0.6340029835700989,,,,,,
50099,104.0,,,,,,,,,,,,0.5567063093185425,,,,,,
50149,104.0,,,,,,,,,,,,0.5428529977798462,,,,,,
50199,104.0,,,,,,,,,,,,0.7169007062911987,,,,,,
50249,104.0,,,,,,,,,,,,0.5855643153190613,,,,,,
50299,104.0,,,,,,,,,,,,0.6451138854026794,,,,,,
50349,104.0,,,,,,,,,,,,0.8465765714645386,,,,,,
50399,104.0,,,,,,,,0.0,0.0,0.0,0.0,0.7128803730010986,1.1517518032633234e-05,20.735488891601562,1.6614975929260254,8.506867408752441,10.567124366760254,0.7046769857406616
50400,,,1.1099261428171303e-05,,,,,,,,,,,,,,,,
50449,105.0,,,,,,,,,,,,0.535804271697998,,,,,,
50499,105.0,,,,,,,,,,,,0.4942797124385834,,,,,,
50549,105.0,,,,,,,,,,,,0.927327573299408,,,,,,
50599,105.0,,,,,,,,,,,,0.7316322326660156,,,,,,
50649,105.0,,,,,,,,,,,,0.5696789622306824,,,,,,
50699,105.0,,,,,,,,,,,,0.5931102633476257,,,,,,
50749,105.0,,,,,,,,,,,,0.8069300651550293,,,,,,
50799,105.0,,,,,,,,,,,,0.8743560910224915,,,,,,
50849,105.0,,,,,,,,,,,,0.4735875725746155,,,,,,
50879,105.0,,,,,,,,0.0,0.0,0.0,0.0,,1.1099261428171303e-05,20.181657791137695,1.6614975929260254,7.5542755126953125,10.9658842086792,0.6873315572738647
50880,,,1.0687321264413185e-05,,,,,,,,,,,,,,,,
50899,106.0,,,,,,,,,,,,0.5925682187080383,,,,,,
50949,106.0,,,,,,,,,,,,0.5307503342628479,,,,,,
50999,106.0,,,,,,,,,,,,0.7065290212631226,,,,,,
51049,106.0,,,,,,,,,,,,0.6375083923339844,,,,,,
51099,106.0,,,,,,,,,,,,0.8560076951980591,,,,,,
51149,106.0,,,,,,,,,,,,0.5918178558349609,,,,,,
51199,106.0,,,,,,,,,,,,0.4722564220428467,,,,,,
51249,106.0,,,,,,,,,,,,0.6412965059280396,,,,,,
51299,106.0,,,,,,,,,,,,0.5324560403823853,,,,,,
51349,106.0,,,,,,,,,,,,0.5171023011207581,,,,,,
51359,106.0,,,,,,,,0.0,0.0,0.0,0.0,,1.0687321264413185e-05,20.33673095703125,1.794417381286621,8.174568176269531,10.367744445800781,0.6778716444969177
51360,,,1.0281879440299235e-05,,,,,,,,,,,,,,,,
51399,107.0,,,,,,,,,,,,0.7087173461914062,,,,,,
51449,107.0,,,,,,,,,,,,0.5436350703239441,,,,,,
51499,107.0,,,,,,,,,,,,0.47153741121292114,,,,,,
51549,107.0,,,,,,,,,,,,0.5769446492195129,,,,,,
51599,107.0,,,,,,,,,,,,0.5351533889770508,,,,,,
51649,107.0,,,,,,,,,,,,0.7406015396118164,,,,,,
51699,107.0,,,,,,,,,,,,0.569404125213623,,,,,,
51749,107.0,,,,,,,,,,,,0.555530309677124,,,,,,
51799,107.0,,,,,,,,,,,,0.5719815492630005,,,,,,
51839,107.0,,,,,,,,0.0,0.0,0.0,0.0,,1.0281879440299235e-05,20.159503936767578,1.9051839113235474,7.642889022827148,10.611431121826172,0.6863062977790833
51840,,,9.883112397801597e-06,,,,,,,,,,,,,,,,
51849,108.0,,,,,,,,,,,,0.667373538017273,,,,,,
51899,108.0,,,,,,,,,,,,0.5266461372375488,,,,,,
51949,108.0,,,,,,,,,,,,0.7297813892364502,,,,,,
51999,108.0,,,,,,,,,,,,0.5307773351669312,,,,,,
52049,108.0,,,,,,,,,,,,0.7424806356430054,,,,,,
52099,108.0,,,,,,,,,,,,0.6547620892524719,,,,,,
52149,108.0,,,,,,,,,,,,0.6612728834152222,,,,,,
52199,108.0,,,,,,,,,,,,0.6437896490097046,,,,,,
52249,108.0,,,,,,,,,,,,0.5497983694076538,,,,,,
52299,108.0,,,,,,,,,,,,0.629065215587616,,,,,,
52319,108.0,,,,,,,,0.0,0.0,0.0,0.0,,9.883112397801597e-06,20.40319061279297,1.6614975929260254,7.9530348777771,10.788657188415527,0.7030059099197388
52320,,,9.49119475990301e-06,,,,,,,,,,,,,,,,
52349,109.0,,,,,,,,,,,,0.637271523475647,,,,,,
52399,109.0,,,,,,,,,,,,0.49353960156440735,,,,,,
52449,109.0,,,,,,,,,,,,0.3783146142959595,,,,,,
52499,109.0,,,,,,,,,,,,0.5422625541687012,,,,,,
52549,109.0,,,,,,,,,,,,0.501534104347229,,,,,,
52599,109.0,,,,,,,,,,,,0.6049426198005676,,,,,,
52649,109.0,,,,,,,,,,,,0.5991843938827515,,,,,,
52699,109.0,,,,,,,,,,,,0.4238951802253723,,,,,,
52749,109.0,,,,,,,,,,,,0.49967557191848755,,,,,,
52799,109.0,,,,,,,,0.0,0.0,0.0,0.0,0.6429052352905273,9.49119475990301e-06,20.225963592529297,1.7722641229629517,7.731502056121826,10.722197532653809,0.6911773681640625
52800,,,9.106300240091514e-06,,,,,,,,,,,,,,,,
52849,110.0,,,,,,,,,,,,0.5105045437812805,,,,,,
52899,110.0,,,,,,,,,,,,0.6272311210632324,,,,,,
52949,110.0,,,,,,,,,,,,0.6535749435424805,,,,,,
52999,110.0,,,,,,,,,,,,0.49234309792518616,,,,,,
53049,110.0,,,,,,,,,,,,0.5468635559082031,,,,,,
53099,110.0,,,,,,,,,,,,0.5888878703117371,,,,,,
53149,110.0,,,,,,,,,,,,0.5095884799957275,,,,,,
53199,110.0,,,,,,,,,,,,0.4611300230026245,,,,,,
53249,110.0,,,,,,,,,,,,0.6129821538925171,,,,,,
53279,110.0,,,,,,,,0.0,0.0,0.0,0.0,,9.106300240091514e-06,20.292423248291016,1.7058041095733643,7.709348678588867,10.877270698547363,0.6995665431022644
53280,,,8.728596185392234e-06,,,,,,,,,,,,,,,,
53299,111.0,,,,,,,,,,,,0.5987733602523804,,,,,,
53349,111.0,,,,,,,,,,,,0.4858647584915161,,,,,,
53399,111.0,,,,,,,,,,,,0.6221857070922852,,,,,,
53449,111.0,,,,,,,,,,,,0.39689651131629944,,,,,,
53499,111.0,,,,,,,,,,,,0.5676577091217041,,,,,,
53549,111.0,,,,,,,,,,,,0.47369450330734253,,,,,,
53599,111.0,,,,,,,,,,,,0.5769803524017334,,,,,,
53649,111.0,,,,,,,,,,,,0.5076402425765991,,,,,,
53699,111.0,,,,,,,,,,,,0.6003056168556213,,,,,,
53749,111.0,,,,,,,,,,,,0.5294081568717957,,,,,,
53759,111.0,,,,,,,,0.0,0.0,0.0,0.0,,8.728596185392234e-06,20.846256256103516,1.7722641229629517,8.55117416381836,10.522817611694336,0.7026403546333313
53760,,,8.358248123840895e-06,,,,,,,,,,,,,,,,
53799,112.0,,,,,,,,,,,,0.5278204083442688,,,,,,
53849,112.0,,,,,,,,,,,,0.7618134617805481,,,,,,
53899,112.0,,,,,,,,,,,,0.6293739676475525,,,,,,
53949,112.0,,,,,,,,,,,,0.5897588133811951,,,,,,
53999,112.0,,,,,,,,,,,,0.7070409655570984,,,,,,
54049,112.0,,,,,,,,,,,,0.6093854904174805,,,,,,
54099,112.0,,,,,,,,,,,,0.5643323659896851,,,,,,
54149,112.0,,,,,,,,,,,,0.49657270312309265,,,,,,
54199,112.0,,,,,,,,,,,,0.6149523258209229,,,,,,
54239,112.0,,,,,,,,0.0,0.0,0.0,0.0,,8.358248123840895e-06,20.38103675842285,1.7722641229629517,8.019495010375977,10.589278221130371,0.6950088143348694
54240,,,7.995419764483813e-06,,,,,,,,,,,,,,,,
54249,113.0,,,,,,,,,,,,0.501474142074585,,,,,,
54299,113.0,,,,,,,,,,,,0.5507924556732178,,,,,,
54349,113.0,,,,,,,,,,,,0.5417504906654358,,,,,,
54399,113.0,,,,,,,,,,,,0.5547358989715576,,,,,,
54449,113.0,,,,,,,,,,,,0.4700013995170593,,,,,,
54499,113.0,,,,,,,,,,,,0.5019000768661499,,,,,,
54549,113.0,,,,,,,,,,,,0.5421693921089172,,,,,,
54599,113.0,,,,,,,,,,,,0.47594088315963745,,,,,,
54649,113.0,,,,,,,,,,,,0.6128154397010803,,,,,,
54699,113.0,,,,,,,,,,,,0.5455514788627625,,,,,,
54719,113.0,,,,,,,,0.0,0.0,0.0,0.0,,7.995419764483813e-06,20.070890426635742,1.4842711687088013,7.886575222015381,10.700044631958008,0.6904398798942566
54720,,,7.640268449904397e-06,,,,,,,,,,,,,,,,
54749,114.0,,,,,,,,,,,,0.5068695545196533,,,,,,
54799,114.0,,,,,,,,,,,,0.412613183259964,,,,,,
54849,114.0,,,,,,,,,,,,0.5875877141952515,,,,,,
54899,114.0,,,,,,,,,,,,0.461930513381958,,,,,,
54949,114.0,,,,,,,,,,,,0.6090618371963501,,,,,,
54999,114.0,,,,,,,,,,,,0.45343244075775146,,,,,,
55049,114.0,,,,,,,,,,,,0.6235173940658569,,,,,,
55099,114.0,,,,,,,,,,,,0.620354175567627,,,,,,
55149,114.0,,,,,,,,,,,,0.43885332345962524,,,,,,
55199,114.0,,,,,,,,0.0,0.0,0.0,0.0,0.9166325926780701,7.640268449904397e-06,19.89366340637207,1.794417381286621,7.9530348777771,10.146211624145508,0.6864377856254578
55200,,,7.292951977433404e-06,,,,,,,,,,,,,,,,
55249,115.0,,,,,,,,,,,,0.5143675804138184,,,,,,
55299,115.0,,,,,,,,,,,,0.4956913888454437,,,,,,
55349,115.0,,,,,,,,,,,,0.40613341331481934,,,,,,
55399,115.0,,,,,,,,,,,,0.8094396591186523,,,,,,
55449,115.0,,,,,,,,,,,,0.6641130447387695,,,,,,
55499,115.0,,,,,,,,,,,,0.45008203387260437,,,,,,
55549,115.0,,,,,,,,,,,,0.4739106297492981,,,,,,
55599,115.0,,,,,,,,,,,,0.6661496758460999,,,,,,
55649,115.0,,,,,,,,,,,,0.482245534658432,,,,,,
55679,115.0,,,,,,,,0.0,0.0,0.0,0.0,,7.292951977433404e-06,19.649978637695312,1.7722641229629517,7.288435935974121,10.589278221130371,0.6802931427955627
55680,,,6.953621323191328e-06,,,,,,,,,,,,,,,,
55699,116.0,,,,,,,,,,,,0.3919828236103058,,,,,,
55749,116.0,,,,,,,,,,,,0.517715573310852,,,,,,
55799,116.0,,,,,,,,,,,,0.5796098709106445,,,,,,
55849,116.0,,,,,,,,,,,,0.5694129467010498,,,,,,
55899,116.0,,,,,,,,,,,,0.5036217570304871,,,,,,
55949,116.0,,,,,,,,,,,,0.5959427356719971,,,,,,
55999,116.0,,,,,,,,,,,,0.49098122119903564,,,,,,
56049,116.0,,,,,,,,,,,,0.5735629796981812,,,,,,
56099,116.0,,,,,,,,,,,,0.4708496034145355,,,,,,
56149,116.0,,,,,,,,,,,,0.49510473012924194,,,,,,
56159,116.0,,,,,,,,0.0,0.0,0.0,0.0,,6.953621323191328e-06,20.314577102661133,1.6614975929260254,8.108108520507812,10.544971466064453,0.6842872500419617
56160,,,6.62242564430926e-06,,,,,,,,,,,,,,,,
56199,117.0,,,,,,,,,,,,0.5488028526306152,,,,,,
56249,117.0,,,,,,,,,,,,0.5003162622451782,,,,,,
56299,117.0,,,,,,,,,,,,0.5336251258850098,,,,,,
56349,117.0,,,,,,,,,,,,0.6427391767501831,,,,,,
56399,117.0,,,,,,,,,,,,0.5620405077934265,,,,,,
56449,117.0,,,,,,,,,,,,0.46549859642982483,,,,,,
56499,117.0,,,,,,,,,,,,0.7565706968307495,,,,,,
56549,117.0,,,,,,,,,,,,0.5078988075256348,,,,,,
56599,117.0,,,,,,,,,,,,0.4892715811729431,,,,,,
56639,117.0,,,,,,,,0.0,0.0,0.0,0.0,,6.62242564430926e-06,19.406291961669922,1.7722641229629517,7.443509101867676,10.190518379211426,0.6680985689163208
56640,,,6.2995104599394836e-06,,,,,,,,,,,,,,,,
56649,118.0,,,,,,,,,,,,0.5804286599159241,,,,,,
56699,118.0,,,,,,,,,,,,0.5032570958137512,,,,,,
56749,118.0,,,,,,,,,,,,0.5047669410705566,,,,,,
56799,118.0,,,,,,,,,,,,0.5483924746513367,,,,,,
56849,118.0,,,,,,,,,,,,0.4950680136680603,,,,,,
56899,118.0,,,,,,,,,,,,0.633112907409668,,,,,,
56949,118.0,,,,,,,,,,,,0.5361428260803223,,,,,,
56999,118.0,,,,,,,,,,,,0.5351969003677368,,,,,,
57049,118.0,,,,,,,,,,,,0.4819295406341553,,,,,,
57099,118.0,,,,,,,,,,,,0.444753497838974,,,,,,
57119,118.0,,,,,,,,0.0,0.0,0.0,0.0,,6.2995104599394836e-06,19.760744094848633,1.7722641229629517,7.5321221351623535,10.456357955932617,0.6880049109458923
57120,,,5.9850171965081245e-06,,,,,,,,,,,,,,,,
57149,119.0,,,,,,,,,,,,0.5995639562606812,,,,,,
57199,119.0,,,,,,,,,,,,0.6290753483772278,,,,,,
57249,119.0,,,,,,,,,,,,0.429862916469574,,,,,,
57299,119.0,,,,,,,,,,,,0.41024845838546753,,,,,,
57349,119.0,,,,,,,,,,,,0.6016057729721069,,,,,,
57399,119.0,,,,,,,,,,,,0.4612134099006653,,,,,,
57449,119.0,,,,,,,,,,,,0.5603479146957397,,,,,,
57499,119.0,,,,,,,,,,,,0.7485684156417847,,,,,,
57549,119.0,,,,,,,,,,,,0.6166687607765198,,,,,,
57599,119.0,,,,,,,,0.0,0.0,0.0,0.0,0.42116305232048035,5.9850171965081245e-06,19.805051803588867,1.7501107454299927,7.443509101867676,10.611431121826172,0.6758614778518677
57600,,,5.679083642462501e-06,,,,,,,,,,,,,,,,
57649,120.0,,,,,,,,,,,,0.3821679949760437,,,,,,
57699,120.0,,,,,,,,,,,,0.4211629331111908,,,,,,
57749,120.0,,,,,,,,,,,,0.5652939081192017,,,,,,
57799,120.0,,,,,,,,,,,,0.7906672954559326,,,,,,
57849,120.0,,,,,,,,,,,,0.4852291941642761,,,,,,
57899,120.0,,,,,,,,,,,,0.5730425119400024,,,,,,
57949,120.0,,,,,,,,,,,,0.847122848033905,,,,,,
57999,120.0,,,,,,,,,,,,0.7560351490974426,,,,,,
58049,120.0,,,,,,,,,,,,0.42241695523262024,,,,,,
58079,120.0,,,,,,,,0.0,0.0,0.0,0.0,,5.679083642462501e-06,20.40319061279297,1.3956578969955444,8.661940574645996,10.34559154510498,0.6846883893013
58080,,,5.3818444030184764e-06,,,,,,,,,,,,,,,,
58099,121.0,,,,,,,,,,,,0.46635687351226807,,,,,,
58149,121.0,,,,,,,,,,,,0.6344231367111206,,,,,,
58199,121.0,,,,,,,,,,,,0.4530002176761627,,,,,,
58249,121.0,,,,,,,,,,,,0.4723067879676819,,,,,,
58299,121.0,,,,,,,,,,,,0.39410796761512756,,,,,,
58349,121.0,,,,,,,,,,,,0.514622688293457,,,,,,
58399,121.0,,,,,,,,,,,,0.5348272323608398,,,,,,
58449,121.0,,,,,,,,,,,,0.5303162932395935,,,,,,
58499,121.0,,,,,,,,,,,,0.4359596371650696,,,,,,
58549,121.0,,,,,,,,,,,,0.6514881253242493,,,,,,
58559,121.0,,,,,,,,0.0,0.0,0.0,0.0,,5.3818444030184764e-06,20.425342559814453,1.7058041095733643,7.665041923522949,11.054496765136719,0.6871869564056396
58560,,,5.093429535918403e-06,,,,,,,,,,,,,,,,
58599,122.0,,,,,,,,,,,,0.5261598825454712,,,,,,
58649,122.0,,,,,,,,,,,,0.5702442526817322,,,,,,
58699,122.0,,,,,,,,,,,,0.4922390878200531,,,,,,
58749,122.0,,,,,,,,,,,,0.6796374320983887,,,,,,
58799,122.0,,,,,,,,,,,,0.509697675704956,,,,,,
58849,122.0,,,,,,,,,,,,0.6028093695640564,,,,,,
58899,122.0,,,,,,,,,,,,0.6328216791152954,,,,,,
58949,122.0,,,,,,,,,,,,0.46640467643737793,,,,,,
58999,122.0,,,,,,,,,,,,0.4269530177116394,,,,,,
59039,122.0,,,,,,,,0.0,0.0,0.0,0.0,,5.093429535918403e-06,20.33673095703125,1.7058041095733643,7.820115089416504,10.810811042785645,0.6864376068115234
59040,,,4.8139659156731796e-06,,,,,,,,,,,,,,,,
59049,123.0,,,,,,,,,,,,0.5099092721939087,,,,,,
59099,123.0,,,,,,,,,,,,0.8086968660354614,,,,,,
59149,123.0,,,,,,,,,,,,0.7058654427528381,,,,,,
59199,123.0,,,,,,,,,,,,0.35636812448501587,,,,,,
59249,123.0,,,,,,,,,,,,0.7741121649742126,,,,,,
59299,123.0,,,,,,,,,,,,0.7554835081100464,,,,,,
59349,123.0,,,,,,,,,,,,0.4943751096725464,,,,,,
59399,123.0,,,,,,,,,,,,0.6058714985847473,,,,,,
59449,123.0,,,,,,,,,,,,0.7197136878967285,,,,,,
59499,123.0,,,,,,,,,,,,0.5570537447929382,,,,,,
59519,123.0,,,,,,,,0.0,0.0,0.0,0.0,,4.8139659156731796e-06,20.358882904052734,1.7058041095733643,7.797961711883545,10.855117797851562,0.6915031671524048
59520,,,4.543575414572842e-06,,,,,,,,,,,,,,,,
59549,124.0,,,,,,,,,,,,0.5757160186767578,,,,,,
59599,124.0,,,,,,,,,,,,0.48446908593177795,,,,,,
59649,124.0,,,,,,,,,,,,0.3862783908843994,,,,,,
59699,124.0,,,,,,,,,,,,0.644179105758667,,,,,,
59749,124.0,,,,,,,,,,,,0.5872906446456909,,,,,,
59799,124.0,,,,,,,,,,,,0.5394073128700256,,,,,,
59849,124.0,,,,,,,,,,,,0.726749062538147,,,,,,
59899,124.0,,,,,,,,,,,,0.5059077143669128,,,,,,
59949,124.0,,,,,,,,,,,,0.6517854928970337,,,,,,
59999,124.0,,,,,,,,0.0,0.0,0.0,0.0,0.4929732084274292,4.543575414572842e-06,19.82720375061035,1.7722641229629517,7.5099687576293945,10.544971466064453,0.6839129328727722
60000,,,4.282377631170675e-06,,,,,,,,,,,,,,,,
60049,125.0,,,,,,,,,,,,0.2698296904563904,,,,,,
60099,125.0,,,,,,,,,,,,0.43707889318466187,,,,,,
60149,125.0,,,,,,,,,,,,0.5210959911346436,,,,,,
60199,125.0,,,,,,,,,,,,0.4528505206108093,,,,,,
60249,125.0,,,,,,,,,,,,0.4851141571998596,,,,,,
60299,125.0,,,,,,,,,,,,0.440173476934433,,,,,,
60349,125.0,,,,,,,,,,,,0.4782540798187256,,,,,,
60399,125.0,,,,,,,,,,,,0.6800519227981567,,,,,,
60449,125.0,,,,,,,,,,,,0.3698675036430359,,,,,,
60479,125.0,,,,,,,,0.0,0.0,0.0,0.0,,4.282377631170675e-06,20.02658462524414,1.7279574871063232,7.5542755126953125,10.74435043334961,0.6889085173606873
60480,,,4.030486252304399e-06,,,,,,,,,,,,,,,,
60499,126.0,,,,,,,,,,,,0.6778128147125244,,,,,,
60549,126.0,,,,,,,,,,,,0.5873993635177612,,,,,,
60599,126.0,,,,,,,,,,,,0.5347158312797546,,,,,,
60649,126.0,,,,,,,,,,,,0.700871467590332,,,,,,
60699,126.0,,,,,,,,,,,,0.6566733121871948,,,,,,
60749,126.0,,,,,,,,,,,,0.4803920388221741,,,,,,
60799,126.0,,,,,,,,,,,,0.612079381942749,,,,,,
60849,126.0,,,,,,,,,,,,0.572658360004425,,,,,,
60899,126.0,,,,,,,,,,,,0.40852653980255127,,,,,,
60949,126.0,,,,,,,,,,,,0.42357388138771057,,,,,,
60959,126.0,,,,,,,,0.0,0.0,0.0,0.0,,4.030486252304399e-06,19.982276916503906,1.8830305337905884,7.133362770080566,10.9658842086792,0.6856756210327148
60960,,,3.7880122363276314e-06,,,,,,,,,,,,,,,,
60999,127.0,,,,,,,,,,,,0.6673229336738586,,,,,,
61049,127.0,,,,,,,,,,,,0.5305049419403076,,,,,,
61099,127.0,,,,,,,,,,,,0.41757336258888245,,,,,,
61149,127.0,,,,,,,,,,,,0.38684308528900146,,,,,,
61199,127.0,,,,,,,,,,,,0.8349629044532776,,,,,,
61249,127.0,,,,,,,,,,,,0.6604358553886414,,,,,,
61299,127.0,,,,,,,,,,,,0.5695642232894897,,,,,,
61349,127.0,,,,,,,,,,,,0.38463109731674194,,,,,,
61399,127.0,,,,,,,,,,,,0.6742753386497498,,,,,,
61439,127.0,,,,,,,,0.0,0.0,0.0,0.0,,3.7880122363276314e-06,20.004430770874023,1.8830305337905884,7.421355724334717,10.700044631958008,0.6821198463439941
61440,,,3.555061766746803e-06,,,,,,,,,,,,,,,,
61449,128.0,,,,,,,,,,,,0.5645554065704346,,,,,,
61499,128.0,,,,,,,,,,,,0.39781302213668823,,,,,,
61549,128.0,,,,,,,,,,,,0.570080041885376,,,,,,
61599,128.0,,,,,,,,,,,,0.7254923582077026,,,,,,
61649,128.0,,,,,,,,,,,,0.5546886920928955,,,,,,
61699,128.0,,,,,,,,,,,,0.4224086403846741,,,,,,
61749,128.0,,,,,,,,,,,,0.4865994453430176,,,,,,
61799,128.0,,,,,,,,,,,,0.4412527084350586,,,,,,
61849,128.0,,,,,,,,,,,,0.4863640367984772,,,,,,
61899,128.0,,,,,,,,,,,,0.3613613545894623,,,,,,
61919,128.0,,,,,,,,0.0,0.0,0.0,0.0,,3.555061766746803e-06,19.871511459350586,1.9273371696472168,7.177669525146484,10.766504287719727,0.6869903206825256
61920,,,3.331737161715864e-06,,,,,,,,,,,,,,,,
61949,129.0,,,,,,,,,,,,0.39856672286987305,,,,,,
61999,129.0,,,,,,,,,,,,0.3955370783805847,,,,,,
62049,129.0,,,,,,,,,,,,0.5216678380966187,,,,,,
62099,129.0,,,,,,,,,,,,0.6219378113746643,,,,,,
62149,129.0,,,,,,,,,,,,0.44265711307525635,,,,,,
62199,129.0,,,,,,,,,,,,0.379533588886261,,,,,,
62249,129.0,,,,,,,,,,,,0.4673173725605011,,,,,,
62299,129.0,,,,,,,,,,,,0.5210635662078857,,,,,,
62349,129.0,,,,,,,,,,,,0.5631065964698792,,,,,,
62399,129.0,,,,,,,,0.0,0.0,0.0,0.0,0.3906838893890381,3.331737161715864e-06,19.805051803588867,1.794417381286621,7.5985822677612305,10.4120512008667,0.6761052012443542
62400,,,3.118136191915255e-06,,,,,,,,,,,,,,,,
62449,130.0,,,,,,,,,,,,0.5105156302452087,,,,,,
62499,130.0,,,,,,,,,,,,0.44805118441581726,,,,,,
62549,130.0,,,,,,,,,,,,0.5282542705535889,,,,,,
62599,130.0,,,,,,,,,,,,0.5419456362724304,,,,,,
62649,130.0,,,,,,,,,,,,0.48340967297554016,,,,,,
62699,130.0,,,,,,,,,,,,0.5338804721832275,,,,,,
62749,130.0,,,,,,,,,,,,0.653154730796814,,,,,,
62799,130.0,,,,,,,,,,,,0.6662847399711609,,,,,,
62849,130.0,,,,,,,,,,,,0.4846879243850708,,,,,,
62879,130.0,,,,,,,,0.0,0.0,0.0,0.0,,3.118136191915255e-06,20.09304428100586,1.7501107454299927,7.709348678588867,10.633584022521973,0.6849200129508972
62880,,,2.9143527626729337e-06,,,,,,,,,,,,,,,,
62899,131.0,,,,,,,,,,,,0.6096787452697754,,,,,,
62949,131.0,,,,,,,,,,,,0.7065358757972717,,,,,,
62999,131.0,,,,,,,,,,,,0.7056421041488647,,,,,,
63049,131.0,,,,,,,,,,,,0.4527600109577179,,,,,,
63099,131.0,,,,,,,,,,,,0.41160181164741516,,,,,,
63149,131.0,,,,,,,,,,,,0.563538670539856,,,,,,
63199,131.0,,,,,,,,,,,,0.5837520956993103,,,,,,
63249,131.0,,,,,,,,,,,,0.45403432846069336,,,,,,
63299,131.0,,,,,,,,,,,,0.6506442427635193,,,,,,
63349,131.0,,,,,,,,,,,,0.5025634765625,,,,,,
63359,131.0,,,,,,,,0.0,0.0,0.0,0.0,,2.9143527626729337e-06,19.517057418823242,1.8830305337905884,7.288435935974121,10.34559154510498,0.6719448566436768
63360,,,2.720476004469674e-06,,,,,,,,,,,,,,,,
63399,132.0,,,,,,,,,,,,0.5150946378707886,,,,,,
63449,132.0,,,,,,,,,,,,0.6042523384094238,,,,,,
63499,132.0,,,,,,,,,,,,0.39507824182510376,,,,,,
63549,132.0,,,,,,,,,,,,0.3233533501625061,,,,,,
63599,132.0,,,,,,,,,,,,0.5078835487365723,,,,,,
63649,132.0,,,,,,,,,,,,0.4364793002605438,,,,,,
63699,132.0,,,,,,,,,,,,0.3823917508125305,,,,,,
63749,132.0,,,,,,,,,,,,0.5336465239524841,,,,,,
63799,132.0,,,,,,,,,,,,0.40507015585899353,,,,,,
63839,132.0,,,,,,,,0.0,0.0,0.0,0.0,,2.720476004469674e-06,19.871511459350586,1.6836508512496948,7.487815856933594,10.700044631958008,0.6845446228981018
63840,,,2.5365911824337672e-06,,,,,,,,,,,,,,,,
63849,133.0,,,,,,,,,,,,0.5740475654602051,,,,,,
63899,133.0,,,,,,,,,,,,0.46582281589508057,,,,,,
63949,133.0,,,,,,,,,,,,0.5075331926345825,,,,,,
63999,133.0,,,,,,,,,,,,1.0754611492156982,,,,,,
64049,133.0,,,,,,,,,,,,0.5057367086410522,,,,,,
64099,133.0,,,,,,,,,,,,0.35585740208625793,,,,,,
64149,133.0,,,,,,,,,,,,0.571253776550293,,,,,,
64199,133.0,,,,,,,,,,,,0.46474117040634155,,,,,,
64249,133.0,,,,,,,,,,,,0.6177905201911926,,,,,,
64299,133.0,,,,,,,,,,,,0.4246981143951416,,,,,,
64319,133.0,,,,,,,,0.0,0.0,0.0,0.0,,2.5365911824337672e-06,19.82720375061035,1.9937970638275146,7.244129180908203,10.589278221130371,0.6825921535491943
64320,,,2.3627790142199956e-06,,,,,,,,,,,,,,,,
64349,134.0,,,,,,,,,,,,0.4721919894218445,,,,,,
64399,134.0,,,,,,,,,,,,0.3217907249927521,,,,,,
64449,134.0,,,,,,,,,,,,0.4996034801006317,,,,,,
64499,134.0,,,,,,,,,,,,0.5171135663986206,,,,,,
64549,134.0,,,,,,,,,,,,0.34804970026016235,,,,,,
64599,134.0,,,,,,,,,,,,0.471736878156662,,,,,,
64649,134.0,,,,,,,,,,,,0.6385191679000854,,,,,,
64699,134.0,,,,,,,,,,,,0.43598246574401855,,,,,,
64749,134.0,,,,,,,,,,,,0.49981003999710083,,,,,,
64799,134.0,,,,,,,,0.0,0.0,0.0,0.0,0.3114181458950043,2.3627790142199956e-06,19.627824783325195,1.8165706396102905,7.199822902679443,10.611431121826172,0.6742703914642334
64800,,,2.199115442635957e-06,,,,,,,,,,,,,,,,
64849,135.0,,,,,,,,,,,,0.4210952818393707,,,,,,
64899,135.0,,,,,,,,,,,,0.34991738200187683,,,,,,
64949,135.0,,,,,,,,,,,,0.46799829602241516,,,,,,
64999,135.0,,,,,,,,,,,,0.7821874618530273,,,,,,
65049,135.0,,,,,,,,,,,,0.6160643100738525,,,,,,
65099,135.0,,,,,,,,,,,,0.5717371702194214,,,,,,
65149,135.0,,,,,,,,,,,,0.5561670064926147,,,,,,
65199,135.0,,,,,,,,,,,,0.5492273569107056,,,,,,
65249,135.0,,,,,,,,,,,,0.7383937835693359,,,,,,
65279,135.0,,,,,,,,0.0,0.0,0.0,0.0,,2.199115442635957e-06,19.561365127563477,1.794417381286621,7.02259635925293,10.74435043334961,0.6830759048461914
65280,,,2.045672317763092e-06,,,,,,,,,,,,,,,,
65299,136.0,,,,,,,,,,,,0.6185490489006042,,,,,,
65349,136.0,,,,,,,,,,,,0.482968807220459,,,,,,
65399,136.0,,,,,,,,,,,,0.5215061902999878,,,,,,
65449,136.0,,,,,,,,,,,,0.7356804013252258,,,,,,
65499,136.0,,,,,,,,,,,,0.5034085512161255,,,,,,
65549,136.0,,,,,,,,,,,,0.7387464642524719,,,,,,
65599,136.0,,,,,,,,,,,,0.5595201253890991,,,,,,
65649,136.0,,,,,,,,,,,,0.45953255891799927,,,,,,
65699,136.0,,,,,,,,,,,,0.5115384459495544,,,,,,
65749,136.0,,,,,,,,,,,,0.564977765083313,,,,,,
65759,136.0,,,,,,,,0.0,0.0,0.0,0.0,,2.045672317763092e-06,19.53921127319336,1.8387240171432495,7.044749736785889,10.65573787689209,0.6888899207115173
65760,,,1.9025171695830068e-06,,,,,,,,,,,,,,,,
65799,137.0,,,,,,,,,,,,0.4775081276893616,,,,,,
65849,137.0,,,,,,,,,,,,0.5515705943107605,,,,,,
65899,137.0,,,,,,,,,,,,0.5759245753288269,,,,,,
65949,137.0,,,,,,,,,,,,0.476266086101532,,,,,,
65999,137.0,,,,,,,,,,,,0.6011474132537842,,,,,,
66049,137.0,,,,,,,,,,,,0.49259957671165466,,,,,,
66099,137.0,,,,,,,,,,,,0.6445448994636536,,,,,,
66149,137.0,,,,,,,,,,,,0.5518838167190552,,,,,,
66199,137.0,,,,,,,,,,,,0.4166017472743988,,,,,,
66239,137.0,,,,,,,,0.0,0.0,0.0,0.0,,1.9025171695830068e-06,19.58351707458496,1.8387240171432495,7.133362770080566,10.611431121826172,0.6859478950500488
66240,,,1.7697125258564483e-06,,,,,,,,,,,,,,,,
66249,138.0,,,,,,,,,,,,0.5490435361862183,,,,,,
66299,138.0,,,,,,,,,,,,0.5242592096328735,,,,,,
66349,138.0,,,,,,,,,,,,0.3738139867782593,,,,,,
66399,138.0,,,,,,,,,,,,0.6110295653343201,,,,,,
66449,138.0,,,,,,,,,,,,0.5974603295326233,,,,,,
66499,138.0,,,,,,,,,,,,0.4626753330230713,,,,,,
66549,138.0,,,,,,,,,,,,0.6393141150474548,,,,,,
66599,138.0,,,,,,,,,,,,0.3799016773700714,,,,,,
66649,138.0,,,,,,,,,,,,0.4359720051288605,,,,,,
66699,138.0,,,,,,,,,,,,0.5433477163314819,,,,,,
66719,138.0,,,,,,,,0.0,0.0,0.0,0.0,,1.7697125258564483e-06,19.71643829345703,1.794417381286621,7.31058931350708,10.611431121826172,0.6885365843772888
66720,,,1.6473169353048434e-06,,,,,,,,,,,,,,,,
66749,139.0,,,,,,,,,,,,0.5824615359306335,,,,,,
66799,139.0,,,,,,,,,,,,0.32337337732315063,,,,,,
66849,139.0,,,,,,,,,,,,0.4954984486103058,,,,,,
66899,139.0,,,,,,,,,,,,0.5534425377845764,,,,,,
66949,139.0,,,,,,,,,,,,0.41606205701828003,,,,,,
66999,139.0,,,,,,,,,,,,0.3244078755378723,,,,,,
67049,139.0,,,,,,,,,,,,0.5124688148498535,,,,,,
67099,139.0,,,,,,,,,,,,0.380227655172348,,,,,,
67149,139.0,,,,,,,,,,,,0.5374795198440552,,,,,,
67199,139.0,,,,,,,,0.0,0.0,0.0,0.0,0.45348095893859863,1.6473169353048434e-06,19.672130584716797,1.8165706396102905,7.244129180908203,10.611431121826172,0.6878593564033508
67200,,,1.535383830741921e-06,,,,,,,,,,,,,,,,
67249,140.0,,,,,,,,,,,,0.3901916742324829,,,,,,
67299,140.0,,,,,,,,,,,,0.6344624757766724,,,,,,
67349,140.0,,,,,,,,,,,,0.4691045880317688,,,,,,
67399,140.0,,,,,,,,,,,,0.4293798506259918,,,,,,
67449,140.0,,,,,,,,,,,,0.5996373891830444,,,,,,
67499,140.0,,,,,,,,,,,,0.5258828997612,,,,,,
67549,140.0,,,,,,,,,,,,0.5515555143356323,,,,,,
67599,140.0,,,,,,,,,,,,0.38054579496383667,,,,,,
67649,140.0,,,,,,,,,,,,0.45503664016723633,,,,,,
67679,140.0,,,,,,,,0.0,0.0,0.0,0.0,,1.535383830741921e-06,19.561365127563477,1.8387240171432495,7.177669525146484,10.544971466064453,0.6827303171157837
67680,,,1.433962324881577e-06,,,,,,,,,,,,,,,,
67699,141.0,,,,,,,,,,,,0.5413569211959839,,,,,,
67749,141.0,,,,,,,,,,,,0.6847492456436157,,,,,,
67799,141.0,,,,,,,,,,,,0.43740758299827576,,,,,,
67849,141.0,,,,,,,,,,,,0.4224528968334198,,,,,,
67899,141.0,,,,,,,,,,,,0.37873756885528564,,,,,,
67949,141.0,,,,,,,,,,,,0.4884289801120758,,,,,,
67999,141.0,,,,,,,,,,,,0.3949078321456909,,,,,,
68049,141.0,,,,,,,,,,,,0.5751616954803467,,,,,,
68099,141.0,,,,,,,,,,,,0.3438701033592224,,,,,,
68149,141.0,,,,,,,,,,,,0.710936427116394,,,,,,
68159,141.0,,,,,,,,0.0,0.0,0.0,0.0,,1.433962324881577e-06,19.694284439086914,1.9051839113235474,7.377048969268799,10.4120512008667,0.6845109462738037
68160,,,1.3430970966510358e-06,,,,,,,,,,,,,,,,
68199,142.0,,,,,,,,,,,,0.3323450982570648,,,,,,
68249,142.0,,,,,,,,,,,,0.567034900188446,,,,,,
68299,142.0,,,,,,,,,,,,0.46499568223953247,,,,,,
68349,142.0,,,,,,,,,,,,0.3434646725654602,,,,,,
68399,142.0,,,,,,,,,,,,0.46040064096450806,,,,,,
68449,142.0,,,,,,,,,,,,0.3659687638282776,,,,,,
68499,142.0,,,,,,,,,,,,0.5548120141029358,,,,,,
68549,142.0,,,,,,,,,,,,0.3309517800807953,,,,,,
68599,142.0,,,,,,,,,,,,0.49029624462127686,,,,,,
68639,142.0,,,,,,,,0.0,0.0,0.0,0.0,,1.3430970966510358e-06,19.672130584716797,2.0159504413604736,7.02259635925293,10.633584022521973,0.6829084157943726
68640,,,1.2628278227566625e-06,,,,,,,,,,,,,,,,
68649,143.0,,,,,,,,,,,,0.5445059537887573,,,,,,
68699,143.0,,,,,,,,,,,,0.6263983249664307,,,,,,
68749,143.0,,,,,,,,,,,,0.6474663019180298,,,,,,
68799,143.0,,,,,,,,,,,,0.5372622013092041,,,,,,
68849,143.0,,,,,,,,,,,,0.5609281063079834,,,,,,
68899,143.0,,,,,,,,,,,,0.6676615476608276,,,,,,
68949,143.0,,,,,,,,,,,,0.6669797897338867,,,,,,
68999,143.0,,,,,,,,,,,,0.4261810779571533,,,,,,
69049,143.0,,,,,,,,,,,,0.46392393112182617,,,,,,
69099,143.0,,,,,,,,,,,,0.6575903296470642,,,,,,
69119,143.0,,,,,,,,0.0,0.0,0.0,0.0,,1.2628278227566625e-06,19.428443908691406,1.8165706396102905,7.133362770080566,10.478510856628418,0.6712134480476379
69120,,,1.1931898598049884e-06,,,,,,,,,,,,,,,,
69149,144.0,,,,,,,,,,,,0.6111314296722412,,,,,,
69199,144.0,,,,,,,,,,,,0.49940645694732666,,,,,,
69249,144.0,,,,,,,,,,,,0.6104632616043091,,,,,,
69299,144.0,,,,,,,,,,,,0.7662244439125061,,,,,,
69349,144.0,,,,,,,,,,,,0.44214093685150146,,,,,,
69399,144.0,,,,,,,,,,,,0.6180230379104614,,,,,,
69449,144.0,,,,,,,,,,,,0.5072097778320312,,,,,,
69499,144.0,,,,,,,,,,,,0.5461841821670532,,,,,,
69549,144.0,,,,,,,,,,,,0.5801823735237122,,,,,,
69599,144.0,,,,,,,,0.0,0.0,0.0,0.0,0.42736274003982544,1.1931898598049884e-06,19.89366340637207,1.9494904279708862,7.421355724334717,10.522817611694336,0.6777822971343994
69600,,,1.1342135621816851e-06,,,,,,,,,,,,,,,,
69649,145.0,,,,,,,,,,,,0.4820252060890198,,,,,,
69699,145.0,,,,,,,,,,,,0.44618096947669983,,,,,,
69749,145.0,,,,,,,,,,,,0.4337271749973297,,,,,,
69799,145.0,,,,,,,,,,,,0.6202932596206665,,,,,,
69849,145.0,,,,,,,,,,,,0.8808715343475342,,,,,,
69899,145.0,,,,,,,,,,,,0.5144854187965393,,,,,,
69949,145.0,,,,,,,,,,,,0.5362023115158081,,,,,,
69999,145.0,,,,,,,,,,,,0.42206957936286926,,,,,,
70049,145.0,,,,,,,,,,,,0.5119338035583496,,,,,,
70079,145.0,,,,,,,,0.0,0.0,0.0,0.0,,1.1342135621816851e-06,19.982276916503906,1.8830305337905884,7.421355724334717,10.67789077758789,0.692243218421936
70080,,,1.085924964172591e-06,,,,,,,,,,,,,,,,
70099,146.0,,,,,,,,,,,,0.6232293844223022,,,,,,
70149,146.0,,,,,,,,,,,,0.4678923487663269,,,,,,
70199,146.0,,,,,,,,,,,,0.668942928314209,,,,,,
70249,146.0,,,,,,,,,,,,0.491443932056427,,,,,,
70299,146.0,,,,,,,,,,,,0.4551360607147217,,,,,,
70349,146.0,,,,,,,,,,,,0.5659741759300232,,,,,,
70399,146.0,,,,,,,,,,,,0.48780354857444763,,,,,,
70449,146.0,,,,,,,,,,,,0.36430951952934265,,,,,,
70499,146.0,,,,,,,,,,,,0.4924861490726471,,,,,,
70549,146.0,,,,,,,,,,,,0.5446027517318726,,,,,,
70559,146.0,,,,,,,,0.0,0.0,0.0,0.0,,1.085924964172591e-06,19.937971115112305,1.7279574871063232,7.5542755126953125,10.65573787689209,0.6896603107452393
70560,,,1.0483450978426845e-06,,,,,,,,,,,,,,,,
70599,147.0,,,,,,,,,,,,0.6056922674179077,,,,,,
70649,147.0,,,,,,,,,,,,0.39788883924484253,,,,,,
70699,147.0,,,,,,,,,,,,0.5513695478439331,,,,,,
70749,147.0,,,,,,,,,,,,0.4504937529563904,,,,,,
70799,147.0,,,,,,,,,,,,0.5071164965629578,,,,,,
70849,147.0,,,,,,,,,,,,0.5453664660453796,,,,,,
70899,147.0,,,,,,,,,,,,0.5702812671661377,,,,,,
70949,147.0,,,,,,,,,,,,0.40631917119026184,,,,,,
70999,147.0,,,,,,,,,,,,0.5883960723876953,,,,,,
71039,147.0,,,,,,,,0.0,0.0,0.0,0.0,,1.0483450978426845e-06,19.84935760498047,1.8387240171432495,7.221976280212402,10.788657188415527,0.695518434047699
71040,,,1.0214906751571107e-06,,,,,,,,,,,,,,,,
71049,148.0,,,,,,,,,,,,0.627949595451355,,,,,,
71099,148.0,,,,,,,,,,,,0.5172202587127686,,,,,,
71149,148.0,,,,,,,,,,,,0.6140730381011963,,,,,,
71199,148.0,,,,,,,,,,,,0.6191670894622803,,,,,,
71249,148.0,,,,,,,,,,,,0.5713241100311279,,,,,,
71299,148.0,,,,,,,,,,,,0.6605865955352783,,,,,,
71349,148.0,,,,,,,,,,,,0.25987595319747925,,,,,,
71399,148.0,,,,,,,,,,,,0.4114949107170105,,,,,,
71449,148.0,,,,,,,,,,,,0.4784587025642395,,,,,,
71499,148.0,,,,,,,,,,,,0.6594716906547546,,,,,,
71519,148.0,,,,,,,,0.0,0.0,0.0,0.0,,1.0214906751571107e-06,20.048736572265625,1.7501107454299927,7.288435935974121,11.010190963745117,0.6868374943733215
71520,,,1.0053732921733172e-06,,,,,,,,,,,,,,,,
71549,149.0,,,,,,,,,,,,0.5756126642227173,,,,,,
71599,149.0,,,,,,,,,,,,0.3772243857383728,,,,,,
71649,149.0,,,,,,,,,,,,0.4516153633594513,,,,,,
71699,149.0,,,,,,,,,,,,0.6310485601425171,,,,,,
71749,149.0,,,,,,,,,,,,0.3221016824245453,,,,,,
71799,149.0,,,,,,,,,,,,0.5827447175979614,,,,,,
71849,149.0,,,,,,,,,,,,0.670879602432251,,,,,,
71899,149.0,,,,,,,,,,,,0.7491915225982666,,,,,,
71949,149.0,,,,,,,,,,,,0.44853687286376953,,,,,,
71999,149.0,,,,,,,,0.0,0.0,0.0,0.0,0.5448963642120361,1.0053732921733172e-06,19.672130584716797,1.8387240171432495,7.31058931350708,10.522817611694336,0.6835904717445374
72000,150.0,,,77.50161743164062,0.15128593146800995,75.14588165283203,2.2044520378112793,4.1813178062438965,,,,,,,19.406291961669922,1.7722641229629517,7.443509101867676,10.190518379211426,0.6680985689163208
