step,epoch,lr-Adam,train/CER,train/DER,train/IER,train/SER,train/loss,val/CER,val/DER,val/IER,val/SER,val/loss
0,1,9.99999993922529e-09,,,,,,,,,,
49,1,,,,,,132.489501953125,,,,,
99,1,,,,,,157.0604248046875,,,,,
119,1,,3057.1845703125,2993.74609375,0.0,63.43848419189453,,2661.01025390625,2590.6513671875,0.0,70.35888671875,134.68638610839844
120,2,5.556444375542924e-05,,,,,,,,,,
149,2,,,,,,14.589229583740234,,,,,
199,2,,,,,,15.06655979156494,,,,,
239,2,,171.9755859375,88.20960235595703,46.3665657043457,37.3994140625,,88.17013549804688,0.0,79.02082061767578,9.14931297302246,8.680318832397461
240,3,0.000111118890345,,,,,,,,,,
249,3,,,,,,7.228245735168457,,,,,
299,3,,,,,,5.789930820465088,,,,,
349,3,,,,,,5.199828147888184,,,,,
359,3,,91.83912658691406,0.5046257376670837,83.03023529052734,8.304264068603516,,95.63580322265624,0.0,94.57244110107422,1.0633584260940552,4.145641803741455
360,4,0.0001666733296588,,,,,,,,,,
399,4,,,,,,3.707186698913574,,,,,
449,4,,,,,,3.6918461322784415,,,,,
479,4,,97.10607147216795,0.0330105647444725,95.00164794921876,2.0714128017425537,,100.0,0.0,100.0,0.0,3.405684471130371
480,5,0.0002222277835244,,,,,,,,,,
499,5,,,,,,3.338012933731079,,,,,
549,5,,,,,,3.2832837104797363,,,,,
599,5,,99.9986343383789,0.0,99.99726104736328,0.0013686256716027,3.3195784091949463,100.0,0.0,100.0,0.0,3.2424979209899902
600,6,0.0002777822082862,,,,,,,,,,
649,6,,,,,,3.212857961654663,,,,,
699,6,,,,,,3.266928195953369,,,,,
719,6,,100.0,0.0,100.0,0.0,,100.0,0.0,100.0,0.0,3.174900770187378
720,7,0.0003333366767037,,,,,,,,,,
749,7,,,,,,3.110371351242065,,,,,
799,7,,,,,,3.1965231895446777,,,,,
839,7,,100.0,0.0,100.0,0.0,,100.0,0.0,100.0,0.0,3.1311049461364746
840,8,0.0003888911160174,,,,,,,,,,
849,8,,,,,,3.134199380874634,,,,,
899,8,,,,,,3.1386501789093018,,,,,
949,8,,,,,,3.1439223289489746,,,,,
959,8,,100.0,0.0,100.0,0.0,,100.0,0.0,100.0,0.0,3.089965581893921
960,9,0.0004444455553311,,,,,,,,,,
999,9,,,,,,3.057021141052246,,,,,
1049,9,,,,,,3.0560359954833984,,,,,
1079,9,,99.9779815673828,0.0,99.9779815673828,0.0,,100.0,0.0,100.0,0.0,3.1098077297210693
1080,10,0.0005000000237487,,,,,,,,,,
1099,10,,,,,,3.175076961517334,,,,,
1149,10,,,,,,3.069630622863769,,,,,
1199,10,,99.87860870361328,0.0,99.86480712890624,0.0137948160991072,2.9547007083892822,98.62649536132812,0.0,98.36065673828124,0.2658396065235138,2.99782133102417
1200,11,0.0005000000237487,,,,,,,,,,
1249,11,,,,,,3.074385643005371,,,,,
1299,11,,,,,,3.079131841659546,,,,,
1319,11,,99.4366455078125,0.0,99.34160614013672,0.0950400158762931,,99.35755157470705,0.0,99.29109191894533,0.0664599016308784,2.97371506690979
1320,12,0.0004999371594749,,,,,,,,,,
1349,12,,,,,,3.0151076316833496,,,,,
1399,12,,,,,,3.522209405899048,,,,,
1439,12,,98.15345001220705,0.0,97.90852355957033,0.2449226677417755,,99.60124206542967,0.0,99.57908630371094,0.0221533011645078,3.111104726791382
1440,13,0.0004997487412765,,,,,,,,,,
1449,13,,,,,,3.0257699489593506,,,,,
1499,13,,,,,,2.7725284099578857,,,,,
1549,13,,,,,,2.7643022537231445,,,,,
1559,13,,97.42171478271484,0.0,97.095458984375,0.3262597620487213,,98.3828125,0.0,98.20558166503906,0.1772264093160629,2.8291268348693848
1560,14,0.0004994348273612,,,,,,,,,,
1599,14,,,,,,2.7610676288604736,,,,,
1649,14,,,,,,2.630295991897583,,,,,
1679,14,,95.92028045654295,0.0,95.4522933959961,0.4679843783378601,,94.30660247802734,0.0,93.13247680664062,1.1741249561309814,2.653620958328247
1680,15,0.000498995592352,,,,,,,,,,
1699,15,,,,,,2.711779832839966,,,,,
1749,15,,,,,,2.460711479187012,,,,,
1799,15,,93.83966064453124,0.0013753833482041,93.09144592285156,0.7468332052230835,2.290624618530273,92.71156311035156,0.0,91.73681640625,0.9747452139854432,2.434603691101074
1800,16,0.0004984312108717,,,,,,,,,,
1849,16,,,,,,2.358466625213623,,,,,
1899,16,,,,,,2.156944751739502,,,,,
1919,16,,89.03223419189453,0.0068841129541397,87.2836685180664,1.7416805028915403,,82.10013580322266,0.0221533011645078,77.51439666748047,4.56358003616333,2.1704859733581543
1920,17,0.0004977419739589,,,,,,,,,,
1949,17,,,,,,2.0741045475006104,,,,,
1999,17,,,,,,2.0024118423461914,,,,,
2039,17,,81.2734603881836,0.0604969002306461,76.82281494140625,4.39015007019043,,76.65042114257812,0.0443066023290157,67.70048522949219,8.905627250671387,2.04830288887024
2040,18,0.0004969282308593,,,,,,,,,,
2049,18,,,,,,1.9343534708023071,,,,,
2099,18,,,,,,1.7906875610351562,,,,,
2149,18,,,,,,1.809084177017212,,,,,
2159,18,,70.67305755615234,0.4476029276847839,60.18950653076172,10.035945892333984,,67.19096374511719,0.8196721076965332,51.46211624145508,14.909171104431152,1.763655185699463
2160,19,0.0004959904472343,,,,,,,,,,
2199,19,,,,,,1.6694395542144775,,,,,
2249,19,,,,,,1.6414679288864136,,,,,
2279,19,,60.34705352783203,1.786106824874878,42.91053009033203,15.65041732788086,,59.01639175415039,1.8830305337905884,40.14178085327149,16.991580963134766,1.6756333112716677
2280,20,0.0004949290305376,,,,,,,,,,
2299,20,,,,,,1.4735746383666992,,,,,
2349,20,,,,,,1.455080509185791,,,,,
2399,20,,52.59538269042969,3.265205144882202,31.47608184814453,17.854097366333008,1.4565531015396118,48.8037223815918,3.810367822647095,24.70092964172364,20.292423248291016,1.4302304983139038
2400,21,0.000493744504638,,,,,,,,,,
2449,21,,,,,,1.3269822597503662,,,,,
2499,21,,,,,,1.2259023189544678,,,,,
2519,21,,47.24909210205078,4.199152946472168,25.25287437438965,17.79706573486328,,45.3921127319336,5.250332355499268,20.048736572265625,20.09304428100586,1.3667140007019043
2520,22,0.0004924375098198,,,,,,,,,,
2549,22,,,,,,1.2576040029525757,,,,,
2599,22,,,,,,1.2243040800094604,,,,,
2639,22,,43.00044250488281,5.107748985290527,20.505401611328125,17.387290954589844,,41.24944686889648,5.604784965515137,17.811254501342773,17.833406448364258,1.2031599283218384
2640,23,0.000491008744575,,,,,,,,,,
2649,23,,,,,,1.1996791362762451,,,,,
2699,23,,,,,,1.2363030910491943,,,,,
2749,23,,,,,,1.1571836471557615,,,,,
2759,23,,41.11725997924805,5.540867805480957,18.323143005371094,17.253250122070312,,45.03766250610352,4.652193069458008,20.425342559814453,19.960124969482425,1.344622254371643
2760,24,0.0004894588491879,,,,,,,,,,
2799,24,,,,,,1.2038109302520752,,,,,
2849,24,,,,,,1.136899709701538,,,,,
2879,24,,37.26780700683594,6.043910980224609,15.297318458557127,15.9265775680542,,40.31900787353516,5.516171932220459,16.105449676513672,18.697385787963867,1.1705267429351809
2880,25,0.0004877886094618,,,,,,,,,,
2899,25,,,,,,0.9620376825332642,,,,,
2949,25,,,,,,0.9610424041748048,,,,,
2999,25,,34.859989166259766,6.255157470703125,13.481322288513184,15.123507499694824,1.0798348188400269,36.043418884277344,6.13646411895752,12.693840980529783,17.213115692138672,1.09756338596344
3000,26,0.0004859988985117,,,,,,,,,,
3049,26,,,,,,1.1225154399871826,,,,,
3099,26,,,,,,1.002326726913452,,,,,
3119,26,,33.83488845825195,6.321498870849609,12.600321769714355,14.913065910339355,,39.69871520996094,4.940186023712158,17.855560302734375,16.902969360351562,1.2533310651779177
3120,27,0.0004840905894525,,,,,,,,,,
3149,27,,,,,,0.9706590175628662,,,,,
3199,27,,,,,,0.9585255980491638,,,,,
3239,27,,32.39858627319336,6.574986934661865,11.632562637329102,14.191036224365234,,35.37882232666016,5.538325309753418,12.959680557250977,16.880815505981445,1.0799415111541748
3240,28,0.0004820647009182,,,,,,,,,,
3249,28,,,,,,0.8482822775840759,,,,,
3299,28,,,,,,1.0326002836227417,,,,,
3349,28,,,,,,0.8491203188896179,,,,,
3359,28,,30.3736572265625,6.517993927001953,9.966506958007812,13.88915729522705,,33.14133834838867,6.490917205810547,9.592379570007324,17.058042526245117,1.0397169589996338
3360,29,0.0004799221933353,,,,,,,,,,
3399,29,,,,,,0.9275065660476683,,,,,
3449,29,,,,,,0.8068839311599731,,,,,
3479,29,,29.24083137512207,6.581670761108398,9.312305450439451,13.34685516357422,,38.21444320678711,4.740806579589844,16.991580963134766,16.4820556640625,1.104252815246582
3480,30,0.0004776641435455,,,,,,,,,,
3499,30,,,,,,0.9221031665802002,,,,,
3549,30,,,,,,0.7890058755874634,,,,,
3599,30,,27.072067260742188,6.594283580780029,8.098363876342773,12.379419326782228,0.8187654614448547,34.581302642822266,6.956136226654053,9.19361972808838,18.431547164916992,1.1284520626068115
3600,31,0.0004752917448058,,,,,,,,,,
3649,31,,,,,,0.8306169509887695,,,,,
3699,31,,,,,,0.8657875061035156,,,,,
3719,31,,26.543302536010746,6.523261070251465,7.738136291503906,12.281906127929688,,40.34115982055664,3.190075397491455,21.35578155517578,15.795303344726562,1.188615083694458
3720,32,0.0004728061321657,,,,,,,,,,
3749,32,,,,,,0.7300556898117065,,,,,
3799,32,,,,,,0.7825037240982056,,,,,
3839,32,,26.120420455932617,6.436822891235352,7.609908103942871,12.073689460754396,,30.992467880249023,6.446610450744629,8.24102783203125,16.304828643798828,0.985800564289093
3840,33,0.0004702085861936,,,,,,,,,,
3849,33,,,,,,0.7646567225456238,,,,,
3899,33,,,,,,0.7760158777236938,,,,,
3949,33,,,,,,0.8228822350502014,,,,,
3959,33,,25.13932609558105,6.480715274810791,7.013187885284424,11.64542293548584,,31.36907386779785,5.626938343048096,9.74745273590088,15.994683265686035,1.025872826576233
3960,34,0.0004675004165619,,,,,,,,,,
3999,34,,,,,,0.6995394229888916,,,,,
4049,34,,,,,,0.7420362234115601,,,,,
4079,34,,24.300994873046875,6.415286540985107,6.708517551422119,11.177191734313965,,28.09038543701172,5.582631587982178,8.130261421203613,14.37749195098877,0.9282220602035522
4080,35,0.0004646829620469,,,,,,,,,,
4099,35,,,,,,0.6849119663238525,,,,,
4149,35,,,,,,0.8532789945602417,,,,,
4199,35,,23.04663848876953,6.442376613616943,5.968834400177002,10.635427474975586,0.7324256896972656,27.4257869720459,6.025697708129883,5.604784965515137,15.795303344726562,0.914460062980652
4200,36,0.00046175767784,,,,,,,,,,
4249,36,,,,,,0.6362280249595642,,,,,
4299,36,,,,,,0.7420042157173157,,,,,
4319,36,,22.58100128173828,6.40564489364624,5.967392921447754,10.207962989807127,,31.479841232299805,6.003544330596924,8.108108520507812,17.368186950683594,1.0245325565338137
4320,37,0.0004587260191328,,,,,,,,,,
4349,37,,,,,,0.7221171855926514,,,,,
4399,37,,,,,,0.7201554775238037,,,,,
4439,37,,22.20494270324707,6.521799087524414,5.624518394470215,10.058626174926758,,30.926008224487305,5.250332355499268,8.21887493133545,17.45680046081543,1.0125668048858645
4440,38,0.0004555895284283,,,,,,,,,,
4449,38,,,,,,0.6613550782203674,,,,,
4499,38,,,,,,0.5788332223892212,,,,,
4549,38,,,,,,0.5339781641960144,,,,,
4559,38,,20.90022850036621,6.397158145904541,5.226778507232666,9.276291847229004,,29.153743743896484,4.585733413696289,9.548072814941406,15.019937515258787,0.9555844068527222
4560,39,0.0004523497482296,,,,,,,,,,
4599,39,,,,,,0.7941555976867676,,,,,
4649,39,,,,,,0.7459439039230347,,,,,
4679,39,,20.54871940612793,6.243712902069092,4.975954055786133,9.329051971435549,,28.289764404296875,5.582631587982178,6.291537284851074,16.41559600830078,0.9460926651954652
4680,40,0.0004490083374548,,,,,,,,,,
4699,40,,,,,,0.6495254039764404,,,,,
4749,40,,,,,,0.6114722490310669,,,,,
4799,40,,20.01897048950196,6.075935363769531,4.794765472412109,9.148269653320312,0.6676024198532104,33.76163101196289,6.889676570892334,7.509968757629394,19.361984252929688,1.1166929006576538
4800,41,0.0004455669550225,,,,,,,,,,
4849,41,,,,,,0.6742196083068848,,,,,
4899,41,,,,,,0.6822487115859985,,,,,
4919,41,,20.163822174072266,5.823237895965576,5.089482307434082,9.25110149383545,,26.84980010986328,5.095259189605713,7.044749736785889,14.709792137145996,0.8878079056739807
4920,42,0.0004420273762661,,,,,,,,,,
4949,42,,,,,,0.6393815875053406,,,,,
4999,42,,,,,,0.5818474292755127,,,,,
5039,42,,19.148643493652344,5.776277542114258,4.643890380859375,8.728474617004395,,28.910057067871094,4.076207160949707,8.728400230407715,16.105449676513672,0.9818522334098816
5040,43,0.0004383913183119,,,,,,,,,,
5049,43,,,,,,0.5767853856086731,,,,,
5099,43,,,,,,0.6081425547599792,,,,,
5149,43,,,,,,0.6627758741378784,,,,,
5159,43,,18.598464965820312,5.654109477996826,4.303298473358154,8.641056060791016,,30.615861892700195,4.164820671081543,10.92157745361328,15.529463768005373,1.0251463651657104
5160,44,0.0004346607020124,,,,,,,,,,
5199,44,,,,,,0.7238509058952332,,,,,
5249,44,,,,,,0.6383450627326965,,,,,
5279,44,,18.264545440673828,5.80963134765625,4.241581439971924,8.213332176208496,,25.94151496887207,4.696499824523926,7.02259635925293,14.222418785095217,0.855260968208313
5280,45,0.0004308373318053,,,,,,,,,,
5299,45,,,,,,0.5370535850524902,,,,,
5349,45,,,,,,0.6338003277778625,,,,,
5399,45,,17.201932907104492,5.714246273040772,3.912283420562744,7.575403213500977,0.5477324724197388,27.337173461914062,4.718653202056885,7.731502056121826,14.887018203735352,0.929023265838623
5400,46,0.0004269231285434,,,,,,,,,,
5449,46,,,,,,0.5474328398704529,,,,,
5499,46,,,,,,0.5543709993362427,,,,,
5519,46,,16.869447708129883,5.650278568267822,3.917673587799072,7.301495552062988,,26.93841361999512,4.519273281097412,7.620735645294189,14.798404693603516,0.8951295614242554
5520,47,0.0004229201294947,,,,,,,,,,
5549,47,,,,,,0.5854586958885193,,,,,
5599,47,,,,,,0.5485833287239075,,,,,
5639,47,,16.836544036865234,5.810793876647949,3.7322592735290527,7.293491363525391,,27.4700927734375,4.497119903564453,8.994239807128906,13.97873306274414,0.8977272510528564
5640,48,0.0004188303137198,,,,,,,,,,
5649,48,,,,,,0.5977165699005127,,,,,
5699,48,,,,,,0.5457329154014587,,,,,
5749,48,,,,,,0.5375930070877075,,,,,
5759,48,,16.229625701904297,5.743382453918457,3.648882627487183,6.837360382080078,,21.24501609802246,5.316792011260986,4.054054260253906,11.87416934967041,0.7684573531150818
5760,49,0.0004146557184867,,,,,,,,,,
5799,49,,,,,,0.5267804861068726,,,,,
5849,49,,,,,,0.6381517648696899,,,,,
5879,49,,15.970836639404297,5.633124828338623,3.591718912124634,6.745993614196777,,28.02392578125,4.89587926864624,8.263181686401367,14.86486530303955,0.9506378173828124
5880,50,0.0004103984683752,,,,,,,,,,
5899,50,,,,,,0.5521742105484009,,,,,
5949,50,,,,,,0.5448486804962158,,,,,
5999,50,,15.467591285705566,5.873161792755127,3.353938579559326,6.240491390228272,0.5164230465888977,27.64731979370117,4.209126949310303,9.836065292358398,13.602127075195312,0.9120246171951294
6000,51,0.0004060607170686,,,,,,,,,,
6049,51,,,,,,0.5041038393974304,,,,,
6099,51,,,,,,0.5873167514801025,,,,,
6119,51,,15.431554794311523,5.564891815185547,3.458772897720337,6.4078898429870605,,24.05848503112793,5.006646156311035,5.095259189605713,13.956579208374023,0.8296754956245422
6120,52,0.0004016446182504,,,,,,,,,,
6149,52,,,,,,0.5779381990432739,,,,,
6199,52,,,,,,0.5052720904350281,,,,,
6239,52,,15.260421752929688,5.611720085144043,3.419706106185913,6.228995323181152,,24.191404342651367,5.183872222900391,5.804164886474609,13.203367233276367,0.8662534952163696
6240,53,0.0003971524129156,,,,,,,,,,
6249,53,,,,,,0.4446544647216797,,,,,
6299,53,,,,,,0.4434054791927337,,,,,
6349,53,,,,,,0.5484169721603394,,,,,
6359,53,,14.431148529052734,5.694698333740234,3.089837551116944,5.646612644195557,,21.99822807312012,4.585733413696289,6.003544330596924,11.408949851989746,0.7877411842346191
6360,54,0.0003925863711629,,,,,,,,,,
6399,54,,,,,,0.3650834858417511,,,,,
6449,54,,,,,,0.5388032793998718,,,,,
6479,54,,13.879233360290527,5.617915630340576,2.936044454574585,5.325273036956787,,23.85910415649414,4.89587926864624,4.674346446990967,14.28887939453125,0.8700432777404785
6480,55,0.0003879487921949,,,,,,,,,,
6499,55,,,,,,0.421923279762268,,,,,
6549,55,,,,,,0.514979362487793,,,,,
6599,55,,13.916646003723145,5.436727523803711,3.065213203430176,5.414705276489258,0.496720552444458,23.26096534729004,4.56358003616333,6.38015079498291,12.317234992980955,0.8282313346862793
6600,56,0.0003832420043181,,,,,,,,,,
6649,56,,,,,,0.5159354209899902,,,,,
6699,56,,,,,,0.480413556098938,,,,,
6719,56,,14.076044082641602,5.584113121032715,3.0166890621185303,5.475242137908936,,26.030128479003903,4.253433704376221,7.465662479400635,14.31103229522705,0.9192914366722108
6720,57,0.0003784683649428,,,,,,,,,,
6749,57,,,,,,0.4617618024349212,,,,,
6799,57,,,,,,0.4101914465427398,,,,,
6839,57,,12.827816009521484,5.4060378074646,2.729849576950073,4.691928863525391,,23.57111167907715,4.031900882720947,8.24102783203125,11.29818344116211,0.8192532658576965
6840,58,0.0003736302896868,,,,,,,,,,
6849,58,,,,,,0.4327237904071808,,,,,
6899,58,,,,,,0.4734909534454345,,,,,
6949,58,,,,,,0.4227978885173797,,,,,
6959,58,,13.440268516540527,5.43388557434082,2.935673713684082,5.070709228515625,,22.419139862060547,5.028799057006836,4.674346446990967,12.715994834899902,0.7855883240699768
6960,59,0.0003687302232719,,,,,,,,,,
6999,59,,,,,,0.4346939921379089,,,,,
7049,59,,,,,,0.51524418592453,,,,,
7079,59,,12.8516263961792,5.359425067901611,2.70169997215271,4.790501594543457,,22.88435935974121,5.4940185546875,4.962339401245117,12.428001403808594,0.8350628018379211
7080,60,0.0003637706395238,,,,,,,,,,
7099,60,,,,,,0.4017825722694397,,,,,
7149,60,,,,,,0.4658502638339996,,,,,
7199,60,,12.37635326385498,5.3368821144104,2.625910520553589,4.413560390472412,0.5035393834114075,22.84005355834961,4.519273281097412,6.557376861572266,11.763402938842772,0.8029824495315552
7200,61,0.0003587539831642,,,,,,,,,,
7249,61,,,,,,0.3689112663269043,,,,,
7299,61,,,,,,0.4412882626056671,,,,,
7319,61,,12.337706565856934,5.381603240966797,2.7093493938446045,4.246754169464111,,24.67877769470215,5.006646156311035,5.006646156311035,14.665485382080078,0.8979607224464417
7320,62,0.0003536828444339,,,,,,,,,,
7349,62,,,,,,0.4491174221038818,,,,,
7399,62,,,,,,0.404390275478363,,,,,
7439,62,,12.136569023132324,5.439962863922119,2.5531156063079834,4.143490791320801,,22.79574584960937,4.209126949310303,6.025697708129883,12.560921669006348,0.8204138875007629
7440,63,0.0003485597553662,,,,,,,,,,
7449,63,,,,,,0.3595121204853058,,,,,
7499,63,,,,,,0.3379770815372467,,,,,
7549,63,,,,,,0.3834012150764465,,,,,
7559,63,,11.336917877197266,5.084769248962402,2.5547595024108887,3.697388887405396,,25.675676345825195,4.497119903564453,7.576428890228271,13.602127075195312,0.9636279940605164
7560,64,0.0003433872770983,,,,,,,,,,
7599,64,,,,,,0.3442092537879944,,,,,
7649,64,,,,,,0.4177760779857635,,,,,
7679,64,,11.304359436035156,5.352453708648682,2.3441903591156006,3.607715845108032,,21.57731437683105,4.231280326843262,6.158617496490479,11.187417030334473,0.7853917479515076
7680,65,0.0003381680289749,,,,,,,,,,
7699,65,,,,,,0.3477066159248352,,,,,
7749,65,,,,,,0.3358558118343353,,,,,
7799,65,,11.02196979522705,5.160591125488281,2.268301486968994,3.5930771827697754,0.3719222545623779,24.811697006225582,3.8325209617614746,8.24102783203125,12.738147735595703,0.891023576259613
7800,66,0.0003329046303406,,,,,,,,,,
7849,66,,,,,,0.3483015298843384,,,,,
7899,66,,,,,,0.4818024933338165,,,,,
7919,66,,11.708343505859377,5.146886825561523,2.5404505729675293,4.021005630493164,,23.770492553710938,5.006646156311035,5.914931297302246,12.84891414642334,0.8767926692962646
7920,67,0.0003275997296441,,,,,,,,,,
7949,67,,,,,,0.4485073089599609,,,,,
7999,67,,,,,,0.3355593681335449,,,,,
8039,67,,11.875508308410645,5.337911605834961,2.615866184234619,3.921730756759644,,21.06778907775879,4.585733413696289,5.20602560043335,11.276030540466309,0.7454899549484253
8040,68,0.0003222560335416,,,,,,,,,,
8049,68,,,,,,0.3251043260097503,,,,,
8099,68,,,,,,0.3581327795982361,,,,,
8149,68,,,,,,0.453312873840332,,,,,
8159,68,,10.327136039733888,5.1690850257873535,2.1197659969329834,3.038285493850708,,20.80194854736328,5.228178977966309,3.3673017024993896,12.20646858215332,0.8107162117958069
8160,69,0.0003168761904817,,,,,,,,,,
8199,69,,,,,,0.3562950491905212,,,,,
8249,69,,,,,,0.3896651268005371,,,,,
8279,69,,10.410518646240234,5.251238822937012,2.1877872943878174,2.9714927673339844,,23.26096534729004,5.2946391105651855,3.699601173400879,14.266725540161133,0.8691665530204773
8280,70,0.0003114629362244,,,,,,,,,,
8299,70,,,,,,0.3648881614208221,,,,,
8349,70,,,,,,0.3791837096214294,,,,,
8399,70,,10.035743713378906,5.0646138191223145,2.103381872177124,2.867748260498047,0.3823584020137787,22.10899353027344,4.297740459442139,5.095259189605713,12.715994834899902,0.811069130897522
8400,71,0.0003060189774259,,,,,,,,,,
8449,71,,,,,,0.3985063731670379,,,,,
8499,71,,,,,,0.3924452066421509,,,,,
8519,71,,10.982301712036133,5.282121181488037,2.2924487590789795,3.407731294631958,,19.339832305908203,4.984492778778076,3.588834762573242,10.766504287719728,0.7272984385490417
8520,72,0.0003005470498465,,,,,,,,,,
8549,72,,,,,,0.353967010974884,,,,,
8599,72,,,,,,0.3136256039142608,,,,,
8639,72,,10.043041229248049,5.236728668212891,2.058271646499634,2.7480411529541016,,21.798847198486328,4.452813625335693,5.272485733032227,12.073549270629885,0.8055387735366821
8640,73,0.0002950499474536,,,,,,,,,,
8649,73,,,,,,0.3262199759483337,,,,,
8699,73,,,,,,0.3886811137199402,,,,,
8749,73,,,,,,0.3527837991714477,,,,,
8759,73,,10.015199661254885,4.9500885009765625,2.169001340866089,2.8961098194122314,,27.337173461914062,4.076207160949707,7.399202346801758,15.86176300048828,1.0936628580093384
8760,74,0.0002895304060075,,,,,,,,,,
8799,74,,,,,,0.3033775091171264,,,,,
8849,74,,,,,,0.3221049010753631,,,,,
8879,74,,9.71424674987793,4.978310108184815,2.105625629425049,2.630310535430908,,24.280017852783203,4.031900882720947,7.709348678588867,12.53876781463623,0.9063208103179932
8880,75,0.000283991190372,,,,,,,,,,
8899,75,,,,,,0.3373875021934509,,,,,
8949,75,,,,,,0.3097975254058838,,,,,
8999,75,,9.43484592437744,4.910855770111084,1.9618641138076784,2.5621256828308105,0.3257615864276886,22.374834060668945,3.9654407501220703,6.468763828277588,11.940629005432127,0.8208739757537842
9000,76,0.0002784351236186,,,,,,,,,,
9049,76,,,,,,0.4373648762702942,,,,,
9099,76,,,,,,0.3406392931938171,,,,,
9119,76,,10.685897827148438,4.88765811920166,2.460360050201416,3.3378794193267822,,20.64687728881836,4.541426658630371,5.272485733032227,10.832963943481444,0.8030759692192078
9120,77,0.0002728649997152,,,,,,,,,,
9149,77,,,,,,0.303604781627655,,,,,
9199,77,,,,,,0.3130665421485901,,,,,
9239,77,,9.00739860534668,4.7498555183410645,1.8977419137954712,2.3598008155822754,,18.74169158935547,4.142667293548584,4.674346446990967,9.924678802490234,0.7208881974220276
9240,78,0.0002672836126293,,,,,,,,,,
9249,78,,,,,,0.3454366028308868,,,,,
9299,78,,,,,,0.4517738819122314,,,,,
9349,78,,,,,,0.3209570646286011,,,,,
9359,78,,9.09615993499756,4.667730331420898,2.006546258926392,2.421883583068848,,20.24811744689941,4.342046737670898,4.474967002868652,11.431103706359863,0.7896325588226318
9360,79,0.0002616937854327,,,,,,,,,,
9399,79,,,,,,0.3117656707763672,,,,,
9449,79,,,,,,0.2539404034614563,,,,,
9479,79,,8.598918914794922,4.582887172698975,1.8364490270614624,2.179582118988037,,20.18165779113769,4.076207160949707,5.028799057006836,11.076650619506836,0.8096787929534912
9480,80,0.0002560982829891,,,,,,,,,,
9499,80,,,,,,0.3364413976669311,,,,,
9549,80,,,,,,0.2485540062189102,,,,,
9599,80,,8.3881196975708,4.564813137054443,1.7283439636230469,2.0949623584747314,0.3259438574314117,21.57731437683105,4.054054260253906,5.361098766326904,12.162161827087402,0.8280144333839417
9600,81,0.0002504999865777,,,,,,,,,,
9649,81,,,,,,0.2489824891090393,,,,,
9699,81,,,,,,0.3021470904350281,,,,,
9719,81,,7.943410873413086,4.326764106750488,1.683089256286621,1.933557152748108,,19.60567092895508,3.721754550933838,4.940186023712158,10.943730354309082,0.7509616613388062
9720,82,0.0002449016901664,,,,,,,,,,
9749,82,,,,,,0.2695646584033966,,,,,
9799,82,,,,,,0.2634824812412262,,,,,
9839,82,,8.152226448059082,4.381062984466553,1.7358667850494385,2.03529691696167,,19.58351707458496,3.65529465675354,5.228178977966309,10.700044631958008,0.7813776135444641
9840,83,0.0002393062313785,,,,,,,,,,
9849,83,,,,,,0.2879136204719543,,,,,
9899,83,,,,,,0.3274415135383606,,,,,
9949,83,,,,,,0.2651176154613495,,,,,
9959,83,,7.6782145500183105,4.290929317474365,1.6640264987945557,1.723259210586548,,20.95702171325684,3.9654407501220703,4.674346446990967,12.317234992980955,0.8681719899177551
9960,84,0.0002337163896299,,,,,,,,,,
9999,84,,,,,,0.262920618057251,,,,,
10049,84,,,,,,0.2911869287490845,,,,,
10079,84,,7.440681457519531,4.308705806732178,1.5267175436019895,1.6052581071853638,,20.86841011047364,3.743907928466797,5.338945388793945,11.785555839538574,0.860905647277832
10080,85,0.0002281349879922,,,,,,,,,,
10099,85,,,,,,0.2174128890037536,,,,,
10149,85,,,,,,0.325111985206604,,,,,
10199,85,,7.324195861816406,4.169708728790283,1.5855085849761963,1.5689785480499268,0.2869080901145935,20.2702693939209,3.65529465675354,5.959238052368164,10.65573787689209,0.8205333352088928
10200,86,0.0002225648640887,,,,,,,,,,
10249,86,,,,,,0.2132505029439926,,,,,
10299,86,,,,,,0.309083342552185,,,,,
10319,86,,7.673345565795898,4.386146068572998,1.6745851039886477,1.6126145124435425,,19.53921127319336,4.164820671081543,4.342046737670898,11.032343864440918,0.750390350818634
10320,87,0.0002170087973354,,,,,,,,,,
10349,87,,,,,,0.3551364541053772,,,,,
10399,87,,,,,,0.2791075110435486,,,,,
10439,87,,7.445871829986572,4.232578754425049,1.5543756484985352,1.6589176654815674,,19.53921127319336,3.610988140106201,4.918032646179199,11.010190963745115,0.8223678469657898
10440,88,0.0002114695962518,,,,,,,,,,
10449,88,,,,,,0.3191950023174286,,,,,
10499,88,,,,,,0.3581395149230957,,,,,
10549,88,,,,,,0.2325851917266845,,,,,
10559,88,,7.455960273742676,4.168378829956055,1.5437933206558228,1.7437878847122192,,18.25432014465332,3.566681385040283,4.8515729904174805,9.836065292358398,0.714929461479187
10560,89,0.0002059500548057,,,,,,,,,,
10599,89,,,,,,0.2361710369586944,,,,,
10649,89,,,,,,0.2223668247461319,,,,,
10679,89,,6.727660655975342,4.121895790100098,1.4239526987075806,1.1818119287490845,,18.232166290283203,3.8768277168273926,4.297740459442139,10.057598114013672,0.734764575958252
10680,90,0.0002004529378609,,,,,,,,,,
10699,90,,,,,,0.2807106673717499,,,,,
10749,90,,,,,,0.3034504354000091,,,,,
10799,90,,6.968218326568604,4.046418190002441,1.4981118440628052,1.4236886501312256,0.243765726685524,19.89366340637207,3.4337615966796875,6.42445707321167,10.035445213317873,0.7798368334770203
10800,91,0.0001949810248333,,,,,,,,,,
10849,91,,,,,,0.276789128780365,,,,,
10899,91,,,,,,0.249205932021141,,,,,
10919,91,,6.2889018058776855,3.818409204483032,1.3520383834838867,1.1184544563293457,,18.542312622070312,3.544528245925904,4.098360538482666,10.899423599243164,0.7931779026985168
10920,92,0.0001895370660349,,,,,,,,,,
10949,92,,,,,,0.2738853096961975,,,,,
10999,92,,,,,,0.2704634666442871,,,,,
11039,92,,6.81061315536499,3.977100610733032,1.5357939004898071,1.2977182865142822,,18.785999298095703,3.810367822647095,4.231280326843262,10.74435043334961,0.8012647032737732
11040,93,0.0001841238117776,,,,,,,,,,
11049,93,,,,,,0.2497045993804931,,,,,
11099,93,,,,,,0.3141457736492157,,,,,
11149,93,,,,,,0.2438347935676574,,,,,
11159,93,,6.628262042999268,4.043500900268555,1.3542497158050537,1.23051118850708,,21.222862243652344,3.699601173400879,4.652193069458008,12.871068000793455,0.869329571723938
11160,94,0.0001787439687177,,,,,,,,,,
11199,94,,,,,,0.2638460993766784,,,,,
11249,94,,,,,,0.2309131175279617,,,,,
11279,94,,6.41709041595459,3.83294415473938,1.369693636894226,1.2144525051116943,,17.855560302734375,3.588834762573242,4.054054260253906,10.212671279907228,0.7498891353607178
11280,95,0.0001734002580633,,,,,,,,,,
11299,95,,,,,,0.1725566983222961,,,,,
11349,95,,,,,,0.2389435917139053,,,,,
11399,95,,5.916427135467529,3.7411081790924072,1.2383219003677368,0.9369969367980956,0.2179466485977172,30.77093505859375,2.104563474655152,15.485157012939451,13.181214332580566,1.3688148260116575
11400,96,0.0001680953719187,,,,,,,,,,
11449,96,,,,,,0.3016011118888855,,,,,
11499,96,,,,,,0.3058120608329773,,,,,
11519,96,,8.770477294921875,3.971901416778565,2.071516275405884,2.727059364318848,,19.09614562988281,3.4116082191467285,4.497119903564453,11.187417030334473,0.7692415714263916
11520,97,0.0001628319878363,,,,,,,,,,
11549,97,,,,,,0.2879868149757385,,,,,
11599,97,,,,,,0.1986491382122039,,,,,
11639,97,,6.291135311126709,3.690138578414917,1.460909366607666,1.140087604522705,,16.393442153930664,3.677448034286499,3.4337615966796875,9.282233238220217,0.6996330618858337
11640,98,0.000157612725161,,,,,,,,,,
11649,98,,,,,,0.314932256937027,,,,,
11699,98,,,,,,0.1857140064239502,,,,,
11749,98,,,,,,0.3017298579216003,,,,,
11759,98,,5.757325649261475,3.790067434310913,1.1514651775360107,0.8157930970191956,,18.165706634521484,4.076207160949707,3.4337615966796875,10.65573787689209,0.7354080080986023
11760,99,0.000152440261445,,,,,,,,,,
11799,99,,,,,,0.1985980719327926,,,,,
11849,99,,,,,,0.2448921501636505,,,,,
11879,99,,5.418990612030029,3.628726959228516,1.041107177734375,0.7491565346717834,,18.21001243591309,3.4780681133270264,5.338945388793945,9.392999649047852,0.7301247715950012
11880,100,0.0001473171578254,,,,,,,,,,
11899,100,,,,,,0.198755145072937,,,,,
11949,100,,,,,,0.2219037264585495,,,,,
11999,100,,5.4809441566467285,3.720147848129273,1.112735152244568,0.6480613350868225,0.2101146578788757,17.27957534790039,3.3894550800323486,4.652193069458008,9.237926483154297,0.7260028123855591
12000,101,0.0001422460045432,,,,,,,,,,
12049,101,,,,,,0.207646444439888,,,,,
12099,101,,,,,,0.215677797794342,,,,,
12119,101,,5.251704216003418,3.618208169937134,1.044005274772644,0.589491069316864,,16.54851531982422,3.65529465675354,3.8325209617614746,9.06070041656494,0.7086517810821533
12120,102,0.0001372293772874,,,,,,,,,,
12149,102,,,,,,0.1668000370264053,,,,,
12199,102,,,,,,0.2739713788032532,,,,,
12239,102,,4.989564895629883,3.292508840560913,1.044870376586914,0.65218585729599,,17.39034080505371,3.167922019958496,4.785112857818604,9.43730640411377,0.7225279808044434
12240,103,0.0001322697644354,,,,,,,,,,
12249,103,,,,,,0.2133694142103195,,,,,
12299,103,,,,,,0.2011222392320633,,,,,
12349,103,,,,,,0.2324128895998001,,,,,
12359,103,,4.975845336914063,3.3333332538604736,1.0766046047210691,0.5659075379371643,,17.124502182006836,3.4780681133270264,4.408506870269775,9.237926483154297,0.7301223874092102
12360,104,0.0001273696980206,,,,,,,,,,
12399,104,,,,,,0.2494065910577774,,,,,
12449,104,,,,,,0.2089044749736786,,,,,
12479,104,,5.01349401473999,3.497466325759888,1.0244547128677368,0.4915730357170105,,17.213115692138672,3.212228536605835,4.585733413696289,9.415152549743652,0.7300354838371277
12480,105,0.0001225316373165,,,,,,,,,,
12499,105,,,,,,0.2030435055494308,,,,,
12549,105,,,,,,0.2208852469921112,,,,,
12599,105,,4.87472677230835,3.3488807678222656,0.9672403931617736,0.558605432510376,0.1895360201597213,17.52326011657715,3.300841808319092,4.209126949310303,10.01329231262207,0.7463725805282593
12600,106,0.0001177579979412,,,,,,,,,,
12649,106,,,,,,0.1764058470726013,,,,,
12699,106,,,,,,0.204897254705429,,,,,
12719,106,,4.855515003204346,3.3825244903564453,0.9774178266525269,0.4955728054046631,,17.6340274810791,3.3894550800323486,4.186974048614502,10.057598114013672,0.7357840538024902
12720,107,0.0001130512027884,,,,,,,,,,
12749,107,,,,,,0.2126779556274414,,,,,
12799,107,,,,,,0.1711404174566269,,,,,
12839,107,,4.5872063636779785,3.342284679412842,0.8868691325187683,0.3580527305603027,,16.393442153930664,3.5002214908599854,3.788214445114136,9.105006217956545,0.6845904588699341
12840,108,0.0001084136165445,,,,,,,,,,
12849,108,,,,,,0.2337945252656936,,,,,
12899,108,,,,,,0.2177111655473709,,,,,
12949,108,,,,,,0.2222208678722381,,,,,
12959,108,,4.71066427230835,3.401763677597046,0.895563542842865,0.4133370220661163,,16.814355850219727,3.234381914138794,4.674346446990967,8.905627250671387,0.7190049290657043
12960,109,0.0001038475820678,,,,,,,,,,
12999,109,,,,,,0.1766413748264312,,,,,
13049,109,,,,,,0.2075021862983703,,,,,
13079,109,,4.488537788391113,3.196466445922852,0.8999091982841492,0.3921622633934021,,17.412494659423828,2.9020824432373047,5.20602560043335,9.304386138916016,0.7487335205078125
13080,110,9.935538400895894e-05,,,,,,,,,,
13099,110,,,,,,0.165661334991455,,,,,
13149,110,,,,,,0.2057912945747375,,,,,
13199,110,,4.433761596679688,2.998420476913452,0.960098922252655,0.4752420783042907,0.2571689486503601,16.282676696777344,2.835622549057007,3.9432876110076895,9.503766059875488,0.7054598331451416
13200,111,9.49392924667336e-05,,,,,,,,,,
13249,111,,,,,,0.1698806434869766,,,,,
13299,111,,,,,,0.2194154262542724,,,,,
13319,111,,4.3800129890441895,3.113668918609619,0.9064937829971312,0.3598505556583404,,16.925121307373047,3.0128488540649414,3.721754550933838,10.190518379211426,0.7375847697257996
13320,112,9.060153388418256e-05,,,,,,,,,,
13349,112,,,,,,0.202702984213829,,,,,
13399,112,,,,,,0.2115088701248169,,,,,
13439,112,,4.382727146148682,3.007807731628418,0.9440564513206482,0.4308629631996155,,17.013734817504883,2.43686318397522,4.89587926864624,9.680992126464844,0.738068699836731
13440,113,8.63442910485901e-05,,,,,,,,,,
13449,113,,,,,,0.1606233716011047,,,,,
13499,113,,,,,,0.1996445655822754,,,,,
13549,113,,,,,,0.1862114369869232,,,,,
13559,113,,4.343040943145752,2.8820624351501465,0.9643559455871582,0.4966226816177368,,16.4820556640625,2.857775926589966,3.5223748683929443,10.10190486907959,0.7126898169517517
13560,114,8.216969581553712e-05,,,,,,,,,,
13599,114,,,,,,0.201884388923645,,,,,
13649,114,,,,,,0.1777787208557129,,,,,
13679,114,,4.21110725402832,3.005174160003662,0.8609865307807922,0.3449465334415436,,15.972530364990234,2.990695714950561,3.633141279220581,9.348692893981934,0.7105620503425598
13680,115,7.807986548868939e-05,,,,,,,,,,
13699,115,,,,,,0.1758293360471725,,,,,
13749,115,,,,,,0.1601276695728302,,,,,
13799,115,,3.984063863754273,2.8922371864318848,0.8105984330177307,0.2812280356884002,0.1568896174430847,16.083295822143555,2.9020824432373047,3.743907928466797,9.43730640411377,0.7255592346191406
13800,116,7.407685916405171e-05,,,,,,,,,,
13849,116,,,,,,0.283474326133728,,,,,
13899,116,,,,,,0.2001300156116485,,,,,
13919,116,,3.908646821975708,2.8190135955810547,0.8433651924133301,0.2462681382894516,,15.152857780456545,2.835622549057007,3.3451483249664307,8.972086906433105,0.6893425583839417
13920,117,7.01626850059256e-05,,,,,,,,,,
13949,117,,,,,,0.1443217694759369,,,,,
13999,117,,,,,,0.1500772088766098,,,,,
14039,117,,3.759419202804565,2.83294677734375,0.7356877326965332,0.1907846927642822,,16.083295822143555,2.835622549057007,4.253433704376221,8.994239807128906,0.6893050670623779
14040,118,6.633930752286687e-05,,,,,,,,,,
14049,118,,,,,,0.124316319823265,,,,,
14099,118,,,,,,0.1903081387281417,,,,,
14149,118,,,,,,0.1206755936145782,,,,,
14159,118,,3.6578969955444336,2.698561668395996,0.7371007204055786,0.2222344875335693,,14.37749195098877,2.791315793991089,3.1014621257781982,8.48471450805664,0.6467598676681519
14160,119,6.260866939555854e-05,,,,,,,,,,
14199,119,,,,,,0.1221825256943702,,,,,
14249,119,,,,,,0.1535519063472747,,,,,
14279,119,,3.625369310379028,2.7100532054901123,0.7675953507423401,0.1477206796407699,,15.50731086730957,2.990695714950561,3.7660610675811768,8.750554084777832,0.6981579065322876
14280,120,5.897263690712862e-05,,,,,,,,,,
14299,120,,,,,,0.1212887838482856,,,,,
14349,120,,,,,,0.1077425554394722,,,,,
14399,120,,3.643240213394165,2.7671573162078857,0.7426763772964478,0.1334066838026046,0.1681202501058578,15.19716453552246,2.857775926589966,3.588834762573242,8.750554084777832,0.6876040697097778
14400,121,5.543304359889589e-05,,,,,,,,,,
14449,121,,,,,,0.1307763457298278,,,,,
14499,121,,,,,,0.1406344175338745,,,,,
14519,121,,3.32308030128479,2.5156540870666504,0.6742282509803772,0.1331978440284729,,15.396544456481934,2.6362428665161133,3.5223748683929443,9.237926483154297,0.6924728751182556
14520,122,5.199167571845464e-05,,,,,,,,,,
14549,122,,,,,,0.1799349188804626,,,,,
14599,122,,,,,,0.2043946385383606,,,,,
14639,122,,3.4863595962524414,2.4478695392608643,0.8132091760635376,0.2252809107303619,,15.662384033203123,2.74700927734375,3.544528245925904,9.370845794677734,0.6985856294631958
14640,123,4.865026130573824e-05,,,,,,,,,,
14649,123,,,,,,0.1188001558184623,,,,,
14699,123,,,,,,0.1738680750131607,,,,,
14749,123,,,,,,0.1158102601766586,,,,,
14759,123,,3.2441725730896,2.372275352478028,0.7219968438148499,0.1499003022909164,,14.333185195922852,2.4590163230896,3.145768642425537,8.728400230407715,0.6693875193595886
14760,124,4.541048110695556e-05,,,,,,,,,,
14799,124,,,,,,0.1836110055446624,,,,,
14849,124,,,,,,0.1313205957412719,,,,,
14879,124,,3.3199636936187744,2.491689682006836,0.7128925323486328,0.1153814420104026,,14.532565116882324,2.525476217269897,3.4559149742126465,8.55117416381836,0.6664837598800659
14880,125,4.227397221256979e-05,,,,,,,,,,
14899,125,,,,,,0.1140564531087875,,,,,
14949,125,,,,,,0.1568012833595276,,,,,
14999,125,,3.255000352859497,2.388561248779297,0.7465975880622864,0.1198413148522377,0.1485676914453506,14.443952560424805,2.348249912261963,3.743907928466797,8.351794242858887,0.6707650423049927
15000,126,3.924231350538321e-05,,,,,,,,,,
15049,126,,,,,,0.1738047450780868,,,,,
15099,126,,,,,,0.1143836230039596,,,,,
15119,126,,3.1890974044799805,2.400099277496338,0.674510657787323,0.1144874989986419,,15.728843688964844,2.4147098064422607,3.9432876110076895,9.370845794677734,0.7285575866699219
15120,127,3.631702566053718e-05,,,,,,,,,,
15149,127,,,,,,0.1486741602420807,,,,,
15199,127,,,,,,0.1501311510801315,,,,,
15239,127,,3.0342681407928467,2.293262004852295,0.6597432494163513,0.0812627375125885,,14.754097938537598,2.237483501434326,3.921134233474731,8.595480918884277,0.6828352212905884
15240,128,3.349958569742739e-05,,,,,,,,,,
15249,128,,,,,,0.1039741784334182,,,,,
15299,128,,,,,,0.1406269520521164,,,,,
15349,128,,,,,,0.1213785484433174,,,,,
15359,128,,2.9826643466949463,2.2359631061553955,0.6625075936317444,0.0841936767101287,,14.466105461120604,2.5033230781555176,3.5002214908599854,8.462560653686523,0.6716457605361938
15360,129,3.079141606576741e-05,,,,,,,,,,
15399,129,,,,,,0.1062705963850021,,,,,
15449,129,,,,,,0.1679454445838928,,,,,
15479,129,,3.032479047775269,2.2329318523406982,0.6821696758270264,0.1173773780465126,,14.31103229522705,2.370403289794922,3.3894550800323486,8.55117416381836,0.6633220314979553
15480,130,2.819387191266287e-05,,,,,,,,,,
15499,130,,,,,,0.1033020466566085,,,,,
15549,130,,,,,,0.1361618936061859,,,,,
15599,130,,2.862828493118286,2.161531686782837,0.6175804734230042,0.0837164595723152,0.1289783120155334,14.68763828277588,2.237483501434326,3.788214445114136,8.661940574645996,0.6772101521492004
15600,131,2.5708268367452547e-05,,,,,,,,,,
15649,131,,,,,,0.1907469779253006,,,,,
15699,131,,,,,,0.1356554329395294,,,,,
15719,131,,2.809730768203736,2.0790908336639404,0.664593517780304,0.0660465657711029,,14.244572639465332,2.4811697006225586,3.123615503311157,8.639787673950195,0.6533767580986023
15720,132,2.3335851437877864e-05,,,,,,,,,,
15749,132,,,,,,0.1437782049179077,,,,,
15799,132,,,,,,0.1112161725759506,,,,,
15839,132,,2.823464870452881,2.043585538864136,0.6647478342056274,0.1151315793395042,,14.510412216186523,2.215330123901367,3.788214445114136,8.506867408752441,0.6775224208831787
15840,133,2.107782165694516e-05,,,,,,,,,,
15849,133,,,,,,0.1572155058383941,,,,,
15899,133,,,,,,0.1454467326402664,,,,,
15949,133,,,,,,0.088895782828331,,,,,
15959,133,,2.6066415309906006,1.969401478767395,0.5919191241264343,0.0453209541738033,,13.801506042480469,2.281790018081665,3.05715560913086,8.462560653686523,0.6451891660690308
15960,134,1.893531043606345e-05,,,,,,,,,,
15999,134,,,,,,0.1834524571895599,,,,,
16049,134,,,,,,0.1015575304627418,,,,,
16079,134,,2.6315062046051025,1.956725716590881,0.6071645617485046,0.0676160529255867,,13.73504638671875,2.193176746368408,3.123615503311157,8.418253898620605,0.6597938537597656
16080,135,1.6909400073927827e-05,,,,,,,,,,
16099,135,,,,,,0.1264721453189849,,,,,
16149,135,,,,,,0.1022098064422607,,,,,
16199,135,,2.674105405807495,1.9870280027389529,0.6472269296646118,0.0398504920303821,0.0710586383938789,13.890119552612305,2.237483501434326,3.167922019958496,8.48471450805664,0.6510979533195496
16200,136,1.500110920460429e-05,,,,,,,,,,
16249,136,,,,,,0.1014842465519905,,,,,
16299,136,,,,,,0.1447754204273224,,,,,
16319,136,,2.58105206489563,1.9117889404296875,0.6102913022041321,0.0589719675481319,,13.867966651916504,2.193176746368408,3.566681385040283,8.108108520507812,0.652140200138092
16320,137,1.321139916399261e-05,,,,,,,,,,
16349,137,,,,,,0.1121673509478569,,,,,
16399,137,,,,,,0.1277602314949035,,,,,
16439,137,,2.5906307697296143,1.9109857082366943,0.6246130466461182,0.0550319887697696,,14.133806228637695,2.193176746368408,3.633141279220581,8.307487487792969,0.6595315933227539
16440,138,1.1541171261342242e-05,,,,,,,,,,
16449,138,,,,,,0.1342380940914154,,,,,
16499,138,,,,,,0.1053278148174285,,,,,
16549,138,,,,,,0.0748907849192619,,,,,
16559,138,,2.5008606910705566,1.8963024616241453,0.5756386518478394,0.0289196446537971,,14.02303981781006,2.259636640548706,3.588834762573242,8.174568176269531,0.6573963761329651
16560,139,9.991265869757626e-06,,,,,,,,,,
16599,139,,,,,,0.113112598657608,,,,,
16649,139,,,,,,0.1100960224866867,,,,,
16679,139,,2.411610841751098,1.8585774898529053,0.5213922262191772,0.0316412150859832,,13.757200241088867,2.237483501434326,3.3894550800323486,8.130261421203613,0.6527311205863953
16680,140,8.562464245187584e-06,,,,,,,,,,
16699,140,,,,,,0.1432064473628997,,,,,
16749,140,,,,,,0.1612192094326019,,,,,
16799,140,,2.414881944656372,1.8286656141281128,0.5724876523017883,0.0137287201359868,0.1035186350345611,13.934426307678224,2.259636640548706,3.588834762573242,8.085954666137695,0.6651099324226379
16800,141,7.255485797941219e-06,,,,,,,,,,
16849,141,,,,,,0.1363181322813034,,,,,
16899,141,,,,,,0.1330915987491607,,,,,
16919,141,,2.5346474647521973,1.9506778717041016,0.5606656670570374,0.0233039520680904,,13.912272453308104,2.038103580474853,3.588834762573242,8.285334587097168,0.6649654507637024
16920,142,6.070988092687912e-06,,,,,,,,,,
16949,142,,,,,,0.1057672351598739,,,,,
16999,142,,,,,,0.1273054778575897,,,,,
17039,142,,2.487308979034424,1.8929961919784544,0.5819312334060669,0.0123815154656767,,13.779353141784668,1.9716438055038448,3.5002214908599854,8.307487487792969,0.6648803353309631
17040,143,5.009567757952027e-06,,,,,,,,,,
17049,143,,,,,,0.1306333839893341,,,,,
17099,143,,,,,,0.1386358141899109,,,,,
17149,143,,,,,,0.0945960134267807,,,,,
17159,143,,2.4550931453704834,1.871922492980957,0.5570379495620728,0.0261326432228088,,13.867966651916504,2.0602569580078125,3.566681385040283,8.24102783203125,0.6665956974029541
17160,144,4.071759121870855e-06,,,,,,,,,,
17199,144,,,,,,0.1059133931994438,,,,,
17249,144,,,,,,0.1033892557024955,,,,,
17279,144,,2.465318441390991,1.8703844547271729,0.5811305046081543,0.0138035751879215,,13.73504638671875,2.038103580474853,3.544528245925904,8.152414321899414,0.6620150804519653
17280,145,3.2580344395682914e-06,,,,,,,,,,
17299,145,,,,,,0.1329566389322281,,,,,
17349,145,,,,,,0.1072593480348587,,,,,
17399,145,,2.4853620529174805,1.9094854593276973,0.5497003793716431,0.026176206767559,0.1349116116762161,13.934426307678224,2.104563474655152,3.610988140106201,8.21887493133545,0.661578357219696
17400,146,2.568803665781161e-06,,,,,,,,,,
17449,146,,,,,,0.0701983496546745,,,,,
17499,146,,,,,,0.0783893018960952,,,,,
17519,146,,2.404428720474243,1.8040101528167725,0.572876513004303,0.0275421403348445,,13.823659896850586,2.1488702297210693,3.566681385040283,8.108108520507812,0.6566629409790039
17520,147,2.004413545364514e-06,,,,,,,,,,
17549,147,,,,,,0.0811701789498329,,,,,
17599,147,,,,,,0.1471319645643234,,,,,
17639,147,,2.4402334690093994,1.849454641342163,0.5632367730140686,0.0275421403348445,,13.624279975891112,2.1267168521881104,3.278688430786133,8.21887493133545,0.6624681949615479
17640,148,1.5651486364731682e-06,,,,,,,,,,
17649,148,,,,,,0.0965071469545364,,,,,
17699,148,,,,,,0.1182469725608825,,,,,
17749,148,,,,,,0.1169466823339462,,,,,
17759,148,,2.368497371673584,1.8288222551345823,0.5231121778488159,0.0165629182010889,,13.513513565063477,2.104563474655152,3.4337615966796875,7.975188255310059,0.6575425267219543
17760,149,1.251229946319654e-06,,,,,,,,,,
17799,149,,,,,,0.0851356089115142,,,,,
17849,149,,,,,,0.1168452873826026,,,,,
17879,149,,2.458701610565185,1.845398187637329,0.5995829105377197,0.0137204322963953,,13.801506042480469,2.0824103355407715,3.5002214908599854,8.21887493133545,0.6594637036323547
17880,150,1.0628153859215672e-06,,,,,,,,,,
17899,150,,,,,,0.0989301204681396,,,,,
17949,150,,,,,,0.1243323981761932,,,,,
17999,150,,2.459162950515747,1.8880647420883176,0.5435754656791687,0.0275228098034858,0.0850729793310165,13.801506042480469,2.0602569580078125,3.633141279220581,8.108108520507812,0.6616183519363403
18000,151,,,,,,,13.513513565063477,2.104563474655152,3.4337615966796875,7.975188255310059,0.6575425267219543
